"PUMAKEY_HOME","PUMAKEY_WORK","DISTANCE_KM"
"36_03801","09_00100","86.22803576143205"
"36_03802","09_00100","92.33632962357548"
"36_03803","09_00100","91.84409148324688"
"36_03804","09_00100","93.20277252908271"
"36_03805","09_00100","97.28617368964018"
"36_03806","09_00100","97.1075997117218"
"36_03807","09_00100","101.8889656016723"
"36_03808","09_00100","101.62122344744405"
"36_03809","09_00100","105.34856519400014"
"36_03810","09_00100","107.0688082258783"
"36_03801","09_00300","193.99150513983267"
"36_03802","09_00300","200.11969498538764"
"36_03803","09_00300","199.62798668799167"
"36_03804","09_00300","200.95837067559833"
"36_03805","09_00300","205.03157202709102"
"36_03806","09_00300","204.88858179879492"
"36_03807","09_00300","209.65713568976457"
"36_03808","09_00300","209.3469544440963"
"36_03809","09_00300","213.03157711663192"
"36_03810","09_00300","214.79545280809467"
"36_03801","09_00500","158.40101629011824"
"36_03802","09_00500","164.81442467350186"
"36_03803","09_00500","164.64821490883"
"36_03804","09_00500","166.58355323394605"
"36_03805","09_00500","170.67069604796097"
"36_03806","09_00500","169.8986187190422"
"36_03807","09_00500","174.8480462207134"
"36_03808","09_00500","175.08076766224053"
"36_03809","09_00500","179.0339903979177"
"36_03810","09_00500","180.38518701079428"
"36_03801","09_00700","179.41965017821093"
"36_03802","09_00700","184.76820907493087"
"36_03803","09_00700","183.9488911592339"
"36_03804","09_00700","184.51272174623355"
"36_03805","09_00700","188.28359429325621"
"36_03806","09_00700","188.84758102912625"
"36_03807","09_00700","193.09408901493396"
"36_03808","09_00700","192.20393548056532"
"36_03809","09_00700","195.35550730858736"
"36_03810","09_00700","197.46234222855992"
"36_03801","09_00900","138.13134864626332"
"36_03802","09_00900","143.84213584416605"
"36_03803","09_00900","143.14985857541228"
"36_03804","09_00900","144.04398778227818"
"36_03805","09_00900","147.98147309330042"
"36_03806","09_00900","148.24544859612288"
"36_03807","09_00900","152.7534189430609"
"36_03808","09_00900","152.11191353466157"
"36_03809","09_00900","155.53265023161384"
"36_03810","09_00900","157.50024779003377"
"36_03801","09_01100","224.06705786053033"
"36_03802","09_01100","229.053588308975"
"36_03803","09_01100","228.13398126872463"
"36_03804","09_01100","228.41069399833884"
"36_03805","09_01100","231.99833585205104"
"36_03806","09_01100","232.81356550411013"
"36_03807","09_01100","236.79065545462456"
"36_03808","09_01100","235.69560836131697"
"36_03809","09_01100","238.5804033483643"
"36_03810","09_01100","240.78469290157236"
"36_03801","09_01300","231.1810915460435"
"36_03802","09_01300","237.04425142098162"
"36_03803","09_01300","236.40924443446124"
"36_03804","09_01300","237.4228890446839"
"36_03805","09_01300","241.40176582923442"
"36_03806","09_01300","241.56400032105606"
"36_03807","09_01300","246.1487986227095"
"36_03808","09_01300","245.58127591381628"
"36_03809","09_01300","249.05935336679502"
"36_03810","09_01300","250.9911103001775"
"36_03801","09_01500","260.0877801702248"
"36_03802","09_01500","265.6394057166025"
"36_03803","09_01500","264.8811106640151"
"36_03804","09_01500","265.5944358480379"
"36_03805","09_01500","269.4397261381776"
"36_03806","09_01500","269.87863299488356"
"36_03807","09_01500","274.24255448738853"
"36_03808","09_01500","273.44619659497386"
"36_03809","09_01500","276.6954003263381"
"36_03810","09_01500","278.7587693341783"
"36_03801","23_00100","1031.5744581786776"
"36_03802","23_00100","1037.8693468462"
"36_03803","23_00100","1037.5028723931457"
"36_03804","23_00100","1039.0621971245025"
"36_03805","23_00100","1043.1680422815805"
"36_03806","23_00100","1042.797281492555"
"36_03807","23_00100","1047.6660233056614"
"36_03808","23_00100","1047.5430331443702"
"36_03809","23_00100","1051.3355557455975"
"36_03810","23_00100","1052.9771921984866"
"36_03801","23_00200","821.6986219017963"
"36_03802","23_00200","828.071498038253"
"36_03803","23_00200","827.8043590259632"
"36_03804","23_00200","829.5476456865812"
"36_03805","23_00200","833.6585527064194"
"36_03806","23_00200","833.0923057665707"
"36_03807","23_00200","838.0152525519416"
"36_03808","23_00200","838.0642986819945"
"36_03809","23_00200","841.9442599726909"
"36_03810","23_00200","843.453327014074"
"36_03801","23_00300","909.2903379280655"
"36_03802","23_00300","915.5081452098048"
"36_03803","23_00300","915.0728930331835"
"36_03804","23_00300","916.4985649377353"
"36_03805","23_00300","920.5870342601875"
"36_03806","23_00300","920.3538480393288"
"36_03807","23_00300","925.1682541210056"
"36_03808","23_00300","924.9261292360094"
"36_03809","23_00300","928.6459272672495"
"36_03810","23_00300","930.3735222997657"
"36_03801","23_00400","709.9924151525123"
"36_03802","23_00400","716.197314826297"
"36_03803","23_00400","715.7525383292037"
"36_03804","23_00400","717.1606119571985"
"36_03805","23_00400","721.2462084635825"
"36_03806","23_00400","721.0305371987897"
"36_03807","23_00400","725.8368517407864"
"36_03808","23_00400","725.5803032345409"
"36_03809","23_00400","729.291397080224"
"36_03810","23_00400","731.0282763093295"
"36_03801","23_00500","793.3370927443481"
"36_03802","23_00500","799.3625766078228"
"36_03803","23_00500","798.8017673135611"
"36_03804","23_00500","799.9658070748577"
"36_03805","23_00500","803.991076380854"
"36_03806","23_00500","804.0175987712037"
"36_03807","23_00500","808.6943970767223"
"36_03808","23_00500","808.2307489915539"
"36_03809","23_00500","811.7869516972877"
"36_03810","23_00500","813.6632280304497"
"36_03801","23_00600","649.5321591621689"
"36_03802","23_00600","655.7674256162773"
"36_03803","23_00600","655.3471772945596"
"36_03804","23_00600","656.8048023418934"
"36_03805","23_00600","660.898658497306"
"36_03806","23_00600","660.6324795099906"
"36_03807","23_00600","665.4607203678531"
"36_03808","23_00600","665.2479951758531"
"36_03809","23_00600","668.9879273425202"
"36_03810","23_00600","670.6933996109833"
"36_03801","23_00790","573.9218214737851"
"36_03802","23_00790","580.0922852745696"
"36_03803","23_00790","579.6227102564933"
"36_03804","23_00790","580.9821067059827"
"36_03805","23_00790","585.0585643263871"
"36_03806","23_00790","584.8914999773878"
"36_03807","23_00790","589.6746961973977"
"36_03808","23_00790","589.3771719897891"
"36_03809","23_00790","593.0612818800702"
"36_03810","23_00790","594.8257139546339"
"36_03801","25_00100","239.5149978979139"
"36_03802","25_00100","245.90216207966637"
"36_03803","25_00100","245.94277682152756"
"36_03804","25_00100","248.18393697820272"
"36_03805","25_00100","252.16276463755528"
"36_03806","25_00100","251.0297878890649"
"36_03807","25_00100","255.9494589501697"
"36_03808","25_00100","256.5075161201122"
"36_03809","25_00100","260.51590541715086"
"36_03810","25_00100","261.5822183542306"
"36_03801","25_00290","267.5425630097369"
"36_03802","25_00290","273.9159654816788"
"36_03803","25_00290","273.6531530446938"
"36_03804","25_00290","275.4146572640217"
"36_03805","25_00290","279.52441187834427"
"36_03806","25_00290","278.93976467570434"
"36_03807","25_00290","283.8651862584607"
"36_03808","25_00290","283.9324208586251"
"36_03809","25_00290","287.82397447572123"
"36_03810","25_00290","289.3134921997605"
"36_03801","25_00390","352.9102956033807"
"36_03802","25_00390","358.6072701137695"
"36_03803","25_00390","357.89959334369604"
"36_03804","25_00390","358.7332790928744"
"36_03805","25_00390","362.63394497187306"
"36_03806","25_00390","362.9675066242301"
"36_03807","25_00390","367.42225929344534"
"36_03808","25_00390","366.7080122913666"
"36_03809","25_00390","370.0393206868868"
"36_03810","25_00390","372.0609495653491"
"36_03801","25_03300","386.3310721234892"
"36_03802","25_03300","391.92722549602075"
"36_03803","25_03300","391.18155814008713"
"36_03804","25_03300","391.9199072959979"
"36_03805","25_03300","395.7740889955127"
"36_03806","25_03300","396.19536408034395"
"36_03807","25_03300","400.57535453522127"
"36_03808","25_03300","399.7881915666254"
"36_03809","25_03300","403.0413716789686"
"36_03810","25_03300","405.1035844037048"
"36_03801","25_04790","414.77247997881994"
"36_03802","25_04790","419.0694596495193"
"36_03803","25_04790","418.00292375643943"
"36_03804","25_04790","417.79756504574294"
"36_03805","25_04790","420.9970512785952"
"36_03806","25_04790","422.2177084307072"
"36_03807","25_04790","425.64972840698493"
"36_03808","25_04790","424.2290044480852"
"36_03809","25_04790","426.58417533921585"
"36_03810","25_04790","428.9044547126584"
"36_03801","33_00100","587.7166843286849"
"36_03802","33_00100","594.1379112773194"
"36_03803","33_00100","594.0135864117511"
"36_03804","33_00100","595.9998054537152"
"36_03805","33_00100","600.0774538243105"
"36_03806","33_00100","599.2413009475799"
"36_03807","33_00100","604.193499010562"
"36_03808","33_00100","604.4837366152028"
"36_03809","33_00100","608.449176260505"
"36_03810","33_00100","609.7579949640597"
"36_03801","33_00290","464.96866596671447"
"36_03802","33_00290","471.26506118328535"
"36_03803","33_00290","470.90207690106416"
"36_03804","33_00290","472.47347721379305"
"36_03805","33_00290","476.58066225929167"
"36_03806","33_00290","476.19685057452796"
"36_03807","33_00290","481.06919260151267"
"36_03808","33_00290","480.95943794617654"
"36_03809","33_00290","484.76197691513573"
"36_03810","33_00290","486.3907706764442"
"36_03801","33_00500","386.6523372775093"
"36_03802","33_00500","393.0633157233318"
"36_03803","33_00500","392.88406341251834"
"36_03804","33_00500","394.784039252187"
"36_03805","33_00500","398.87894566783876"
"36_03806","33_00500","398.14162423950376"
"36_03807","33_00500","403.08918911860854"
"36_03808","33_00500","403.29079951327947"
"36_03809","33_00500","407.23104378765464"
"36_03810","33_00500","408.613586280475"
"36_03801","34_00190","232.2074034149806"
"36_03802","34_00190","225.79811666020285"
"36_03803","34_00190","225.8178496539914"
"36_03804","34_00190","223.6915954249749"
"36_03805","34_00190","219.65522487820704"
"36_03806","34_00190","220.6703083897958"
"36_03807","34_00190","215.7331016147824"
"36_03808","34_00190","215.27393144883538"
"36_03809","34_00190","211.27765853658516"
"36_03810","34_00190","210.1134837811749"
"36_03801","34_00300","22.58228083687204"
"36_03802","34_00300","25.280212067298713"
"36_03803","34_00300","26.3877557767029"
"36_03804","34_00300","29.250027758275504"
"36_03805","34_00300","31.09931001463375"
"36_03806","34_00300","28.621590118018904"
"36_03807","34_00300","31.98198754418637"
"36_03808","34_00300","33.79678323711002"
"36_03809","34_00300","37.04919120619877"
"36_03810","34_00300","36.75567667598085"
"36_03801","34_00400","48.7717111983126"
"36_03802","34_00400","49.93309528683534"
"36_03803","34_00400","51.21963203908454"
"36_03804","34_00400","53.7868683511572"
"36_03805","34_00400","54.445948236158095"
"36_03806","34_00400","51.813659695737584"
"36_03807","34_00400","53.606206617409015"
"36_03808","34_00400","55.80459627907737"
"36_03809","34_00400","58.009378114785534"
"36_03810","34_00400","56.86449842102792"
"36_03801","34_00600","23.45879712059317"
"36_03802","34_00600","17.48283965132348"
"36_03803","34_00600","18.185958270230905"
"36_03804","34_00600","17.677293421191933"
"36_03805","34_00600","14.263047101934934"
"36_03806","34_00600","13.27861628448137"
"36_03807","34_00600","9.674676269090472"
"36_03808","34_00600","11.41277303226729"
"36_03809","34_00600","10.677268958226007"
"36_03810","34_00600","8.589616662723994"
"36_03801","34_00800","117.20083111519045"
"36_03802","34_00800","112.59299622641647"
"36_03803","34_00800","113.62796628454417"
"36_03804","34_00800","113.78725136460638"
"36_03805","34_00800","110.62787541811831"
"36_03806","34_00800","109.36769187620084"
"36_03807","34_00800","106.02518780150743"
"36_03808","34_00800","107.54438404586928"
"36_03809","34_00800","105.47731139378106"
"36_03810","34_00800","103.1219030686427"
"36_03801","34_00900","81.43825857727403"
"36_03802","34_00900","75.26865069190652"
"36_03803","34_00900","75.76740631784244"
"36_03804","34_00900","74.54613553191699"
"36_03805","34_00900","70.52470298229062"
"36_03806","34_00900","70.52255460103666"
"36_03807","34_00900","65.81814195882231"
"36_03808","34_00900","66.31194631833644"
"36_03809","34_00900","62.84942768696893"
"36_03810","34_00900","60.89850993121302"
"36_03801","34_01000","87.57874772423513"
"36_03802","34_01000","82.39267085781312"
"36_03803","34_01000","83.30113388708229"
"36_03804","34_01000","83.08596000555004"
"36_03805","34_01000","79.63190802342871"
"36_03806","34_01000","78.66712066474467"
"36_03807","34_01000","74.89471192853193"
"36_03808","34_01000","76.20461964572273"
"36_03809","34_01000","73.78182711337165"
"36_03810","34_01000","71.461255826979"
"36_03801","34_01100","93.46932191023959"
"36_03802","34_01100","87.07548745393044"
"36_03803","34_01100","87.05685543779234"
"36_03804","34_01100","84.89739979955638"
"36_03805","34_01100","80.87128273672353"
"36_03806","34_01100","81.94740106463823"
"36_03807","34_01100","77.02788918308758"
"36_03808","34_01100","76.500440630072"
"36_03809","34_01100","72.4982612522877"
"36_03810","34_01100","71.39439859782802"
"36_03801","34_01200","144.39864621244723"
"36_03802","34_01200","138.06360914560145"
"36_03803","34_01200","137.94466689803545"
"36_03804","34_01200","135.62970910281376"
"36_03805","34_01200","131.6907141704146"
"36_03806","34_01200","132.9546678066954"
"36_03807","34_01200","128.09035305660825"
"36_03808","34_01200","127.3875629437308"
"36_03809","34_01200","123.3789422158789"
"36_03810","34_01200","122.45474792990424"
"36_03801","34_01300","36.73287003513305"
"36_03802","34_01300","32.83179662660404"
"36_03803","34_01300","34.02543665756386"
"36_03804","34_01300","34.88448375658138"
"36_03805","34_01300","32.67603720999886"
"36_03806","34_01300","30.730310406117383"
"36_03807","34_01300","28.95540150536997"
"36_03808","34_01300","31.060868657906834"
"36_03809","34_01300","30.887417501440957"
"36_03810","34_01300","28.784885891128837"
"36_03801","34_01500","68.32453492711085"
"36_03802","34_01500","65.86786431180596"
"36_03803","34_01500","67.1731358233307"
"36_03804","34_01500","68.5565806393328"
"36_03805","34_01500","66.88882892626046"
"36_03806","34_01500","64.7126146201149"
"36_03807","34_01500","63.50086911743077"
"36_03808","34_01500","65.66287080376163"
"36_03809","34_01500","65.59347403638512"
"36_03810","34_01500","63.47169182555922"
"36_03801","34_01600","94.3170871802573"
"36_03802","34_01600","94.5992203729483"
"36_03803","34_01600","95.93754521356762"
"36_03804","34_01600","98.23517756210093"
"36_03805","34_01600","98.13066619022676"
"36_03806","34_01600","95.55288302695456"
"36_03807","34_01600","96.26036009614609"
"36_03808","34_01600","98.54565261124033"
"36_03809","34_01600","99.87238360713437"
"36_03810","34_01600","98.22635029145361"
"36_03801","34_01700","118.69843251044993"
"36_03802","34_01700","116.06255678023801"
"36_03803","34_01700","117.34783315867766"
"36_03804","34_01700","118.57479021660352"
"36_03805","34_01700","116.61369135929178"
"36_03806","34_01700","114.57612378353578"
"36_03807","34_01700","112.88720018389456"
"36_03808","34_01700","114.94499290839953"
"36_03809","34_01700","114.34061452148599"
"36_03810","34_01700","112.0850181345545"
"36_03801","34_01800","51.149050937035284"
"36_03802","34_01800","45.69943218804644"
"36_03803","34_01800","46.55191754680935"
"36_03804","34_01800","46.23354653665006"
"36_03805","34_01800","42.75561123651439"
"36_03806","34_01800","41.82280585988568"
"36_03807","34_01800","38.02315151966113"
"36_03808","34_01800","39.37522772247646"
"36_03809","34_01800","37.133971427434304"
"36_03810","34_01800","34.7849879250396"
"36_03801","34_02000","164.8258714477328"
"36_03802","34_02000","158.4211275259194"
"36_03803","34_02000","158.6305574445531"
"36_03804","34_02000","156.81826822760053"
"36_03805","34_02000","152.71022003824083"
"36_03806","34_02000","153.35826281565895"
"36_03807","34_02000","148.4176259994655"
"36_03808","34_02000","148.30033942692285"
"36_03809","34_02000","144.4037459302519"
"36_03810","34_02000","142.93256276100772"
"36_03801","34_02100","191.69045578068835"
"36_03802","34_02100","185.389352318839"
"36_03803","34_02100","185.75990163628566"
"36_03804","34_02100","184.23861551525673"
"36_03805","34_02100","180.13936389290254"
"36_03806","34_02100","180.46653305444926"
"36_03807","34_02100","175.6083643069628"
"36_03808","34_02100","175.78170689151057"
"36_03809","34_02100","172.03616062891354"
"36_03810","34_02100","170.33840789490276"
"36_03801","34_02200","214.06570155639062"
"36_03802","34_02200","207.81629513107467"
"36_03803","34_02200","208.23579172807916"
"36_03804","34_02200","206.80780734842767"
"36_03805","34_02200","202.7230066462172"
"36_03806","34_02200","202.9520666779861"
"36_03807","34_02200","198.13438277506776"
"36_03808","34_02200","198.39383781243077"
"36_03809","34_02200","194.70373300879118"
"36_03810","34_02200","192.94538144425874"
"36_03801","34_02300","120.03453764243389"
"36_03802","34_02300","114.01693029636945"
"36_03803","34_02300","114.60318959338366"
"36_03804","34_02300","113.54921444133238"
"36_03805","34_02300","109.5810347746847"
"36_03806","34_02300","109.41955504808682"
"36_03807","34_02300","104.82482800343004"
"36_03808","34_02300","105.44137543296341"
"36_03809","34_02300","102.07084135365317"
"36_03810","34_02300","100.06415004625065"
"36_03801","34_02490","248.04459709201547"
"36_03802","34_02490","241.7077609440153"
"36_03803","34_02490","242.03481566258634"
"36_03804","34_02490","240.4248605012016"
"36_03805","34_02490","236.3163407180887"
"36_03806","34_02490","236.73925258428352"
"36_03807","34_02490","231.8496486051246"
"36_03808","34_02490","231.9348380776601"
"36_03809","34_02490","228.1331056109118"
"36_03810","34_02490","226.50568929331737"
"36_03801","36_00100","564.8536787810762"
"36_03802","36_00100","569.8846642209695"
"36_03803","36_00100","570.6406335475087"
"36_03804","36_00100","573.5445464655802"
"36_03805","36_00100","576.3850099062033"
"36_03806","36_00100","574.1685294566701"
"36_03807","36_00100","578.041732052407"
"36_03808","36_00100","579.6824019032886"
"36_03809","36_00100","583.1603970727631"
"36_03810","36_00100","582.9690775704615"
"36_03801","36_00200","509.4898091847984"
"36_03802","36_00200","515.1806940950066"
"36_03803","36_00200","515.7133740337111"
"36_03804","36_00200","518.4877887694945"
"36_03805","36_00200","521.8300183529988"
"36_03806","36_00200","519.9154561719004"
"36_03807","36_00200","524.2940290376933"
"36_03808","36_00200","525.6121338483056"
"36_03809","36_00200","529.3977812125895"
"36_03810","36_00200","529.6425183168179"
"36_03801","36_00300","389.86300262332026"
"36_03802","36_00300","395.86049986027064"
"36_03803","36_00300","396.24584004686574"
"36_03804","36_00300","398.8926549029041"
"36_03805","36_00300","402.4860018457969"
"36_03806","36_00300","400.79165037777375"
"36_03807","36_00300","405.408426777617"
"36_03808","36_00300","406.5028902740202"
"36_03809","36_00300","410.41469828023503"
"36_03810","36_00300","410.9272330613092"
"36_03801","36_00400","353.47887746628794"
"36_03802","36_00400","357.95283054326296"
"36_03803","36_00400","358.8448634065154"
"36_03804","36_00400","361.77897333980394"
"36_03805","36_00400","364.2274743013841"
"36_03806","36_00400","361.8541618300738"
"36_03807","36_00400","365.3303401819982"
"36_03808","36_00400","367.1475869439244"
"36_03809","36_00400","370.36817472237465"
"36_03810","36_00400","369.9084534234232"
"36_03801","36_00500","500.3247748889954"
"36_03802","36_00500","504.5905639698169"
"36_03803","36_00500","505.52798892253355"
"36_03804","36_00500","508.46147038252127"
"36_03805","36_00500","510.7557171917769"
"36_03806","36_00500","508.3308248544894"
"36_03807","36_00500","511.62826620771784"
"36_03808","36_00500","513.5127484678029"
"36_03809","36_00500","516.6093591404718"
"36_03810","36_00500","516.0299251857688"
"36_03801","36_00600","457.6934269248759"
"36_03802","36_00600","461.10428501451764"
"36_03803","36_00600","462.1897303600667"
"36_03804","36_00600","465.0704226202043"
"36_03805","36_00600","466.7785889699357"
"36_03806","36_00600","464.21952522514414"
"36_03807","36_00600","466.87507159342596"
"36_03808","36_00600","468.9435007950019"
"36_03809","36_00600","471.5927821375298"
"36_03810","36_00600","470.6558378885537"
"36_03801","36_00700","415.79610417346106"
"36_03802","36_00700","418.4055693217941"
"36_03803","36_00700","419.59353217917226"
"36_03804","36_00700","422.3682820585125"
"36_03805","36_00700","423.54386991906284"
"36_03806","36_00700","420.924273619005"
"36_03807","36_00700","422.9809994263116"
"36_03808","36_00700","425.16305761480385"
"36_03809","36_00700","427.3809536225065"
"36_03810","36_00700","426.1605603888967"
"36_03801","36_00800","465.63257600674683"
"36_03802","36_00800","467.6637315920626"
"36_03803","36_00800","468.90900178290144"
"36_03804","36_00800","471.5787413817347"
"36_03805","36_00800","472.36809939231654"
"36_03806","36_00800","469.7358075594034"
"36_03807","36_00800","471.34128992308973"
"36_03808","36_00800","473.57999994839577"
"36_03809","36_00800","475.46021570046594"
"36_03810","36_00800","474.04630896745886"
"36_03801","36_00900","541.7025567979441"
"36_03802","36_00900","543.2449352687707"
"36_03803","36_00900","544.5286656143264"
"36_03804","36_00900","547.0929577069337"
"36_03805","36_00900","547.5564158308264"
"36_03806","36_00900","544.9325753335964"
"36_03807","36_00900","546.1502417549032"
"36_03808","36_00900","548.4197831829923"
"36_03809","36_00900","550.0027991482176"
"36_03810","36_00900","548.4366375500806"
"36_03801","36_01000","584.0947423672972"
"36_03802","36_01000","585.201320369576"
"36_03803","36_01000","586.511897442428"
"36_03804","36_01000","588.971014329222"
"36_03805","36_01000","589.149116781411"
"36_03806","36_01000","586.5464486070636"
"36_03807","36_01000","587.4234347614776"
"36_03808","36_01000","589.7072667544943"
"36_03809","36_01000","591.0268740214175"
"36_03810","36_01000","589.3392021635376"
"36_03801","36_01100","640.5610365286336"
"36_03802","36_01100","641.4359690605163"
"36_03803","36_01100","642.7582114367648"
"36_03804","36_01100","645.1566132955825"
"36_03805","36_01100","645.1816940065207"
"36_03806","36_01100","642.595656565823"
"36_03807","36_01100","643.2870403275148"
"36_03808","36_01100","645.5738797769247"
"36_03809","36_01100","646.7472055267438"
"36_03810","36_01100","644.9965412933561"
"36_03801","36_01200","605.4546870992036"
"36_03802","36_01200","605.7477014597173"
"36_03803","36_01200","607.0909287579973"
"36_03804","36_01200","609.3271431827403"
"36_03805","36_01200","608.983225043812"
"36_03806","36_01200","606.4517190535759"
"36_03807","36_01200","606.7004471925085"
"36_03808","36_01200","608.9812802777677"
"36_03809","36_01200","609.8092550844627"
"36_03810","36_01200","607.9245029926911"
"36_03801","36_01300","530.5512773181279"
"36_03802","36_01300","531.2407743157631"
"36_03803","36_01300","532.5706836384782"
"36_03804","36_01300","534.9212750463505"
"36_03805","36_01300","534.8363941680042"
"36_03806","36_01300","532.2641312889297"
"36_03807","36_01300","532.8299332848707"
"36_03808","36_01300","535.1169392541752"
"36_03809","36_01300","536.1978004892444"
"36_03810","36_01300","534.4107575496444"
"36_03801","36_01400","465.73663674947863"
"36_03802","36_01400","467.13771675449203"
"36_03803","36_01400","468.43047832553975"
"36_03804","36_01400","470.96360382902236"
"36_03805","36_01400","471.34301427854933"
"36_03806","36_01400","468.72391984591775"
"36_03807","36_01400","469.8483800607319"
"36_03808","36_01400","472.1227979069054"
"36_03809","36_01400","473.6390424023925"
"36_03810","36_01400","472.04254108709864"
"36_03801","36_01500","357.1184168641748"
"36_03802","36_01500","360.1480957307152"
"36_03803","36_01500","361.285159083902"
"36_03804","36_01500","364.12227826723324"
"36_03805","36_01500","365.5845385814606"
"36_03806","36_01500","362.9914517592847"
"36_03807","36_01500","365.3820603534806"
"36_03808","36_01500","367.5060083438939"
"36_03809","36_01500","369.9704353570283"
"36_03810","36_01500","368.90870606712167"
"36_03801","36_01600","328.9126417942585"
"36_03802","36_01600","334.1642471121128"
"36_03803","36_01600","334.8530552479077"
"36_03804","36_01600","337.7279179816142"
"36_03805","36_01600","340.7371866507348"
"36_03806","36_01600","338.6114356694781"
"36_03807","36_01600","342.6728586135759"
"36_03808","36_01600","344.2083406382371"
"36_03809","36_01600","347.80633996896773"
"36_03810","36_01600","347.7707241943949"
"36_03801","36_01700","293.54180543424116"
"36_03802","36_01700","299.2005016560353"
"36_03803","36_01700","299.74481759153053"
"36_03804","36_01700","302.52943711141836"
"36_03805","36_01700","305.8481343435104"
"36_03806","36_01700","303.92120020548"
"36_03807","36_01700","308.2903384814919"
"36_03808","36_01700","309.6153825584156"
"36_03809","36_01700","313.3956381941004"
"36_03810","36_01700","313.63653300475835"
"36_03801","36_01800","337.28041158110705"
"36_03802","36_01800","343.13583398127497"
"36_03803","36_01800","343.5942906250293"
"36_03804","36_01800","346.3090869407601"
"36_03805","36_01800","349.78398102091717"
"36_03806","36_01800","347.98043780140966"
"36_03807","36_01800","352.4925746958593"
"36_03808","36_01800","353.69420010112555"
"36_03809","36_01800","357.552708420289"
"36_03810","36_01800","357.9419598734709"
"36_03801","36_01900","280.8993651013933"
"36_03802","36_01900","287.0741521702318"
"36_03803","36_01900","287.34558161261504"
"36_03804","36_01900","289.87511808940025"
"36_03805","36_01900","293.62436452823096"
"36_03806","36_01900","292.1094613998073"
"36_03807","36_01900","296.8649602567377"
"36_03808","36_01900","297.7819651201821"
"36_03809","36_01900","301.7546181236867"
"36_03810","36_01900","302.46351533397126"
"36_03801","36_02000","260.2226776690405"
"36_03802","36_02000","265.9713595282745"
"36_03803","36_02000","266.4775824577952"
"36_03804","36_02000","269.2332838138868"
"36_03805","36_02000","272.6229637890898"
"36_03806","36_02000","270.751834302688"
"36_03807","36_02000","275.19179107524593"
"36_03808","36_02000","276.4582839989145"
"36_03809","36_02000","280.2777956464842"
"36_03810","36_02000","280.59186288465736"
"36_03801","36_02100","209.46435450552843"
"36_03802","36_02100","215.3396619678307"
"36_03803","36_02100","215.78702289828968"
"36_03804","36_02100","218.4944171554735"
"36_03805","36_02100","221.9854604208156"
"36_03806","36_02100","220.20268799982247"
"36_03807","36_02100","224.74287599274496"
"36_03808","36_02100","225.917383180273"
"36_03809","36_02100","229.78979241197334"
"36_03810","36_02100","230.2153375089678"
"36_03801","36_02200","271.71465932248253"
"36_03802","36_02200","274.44260393919296"
"36_03803","36_02200","275.6150225192887"
"36_03804","36_02200","278.4113987594544"
"36_03805","36_02200","279.6900365995583"
"36_03806","36_02200","277.07899298780757"
"36_03807","36_02200","279.2780569257914"
"36_03808","36_02200","281.4356274728469"
"36_03809","36_02200","283.76980738827643"
"36_03810","36_02200","282.6279863516711"
"36_03801","36_02300","369.7048649124125"
"36_03802","36_02300","371.34255664668586"
"36_03803","36_02300","372.6184467809847"
"36_03804","36_02300","375.20808986743305"
"36_03805","36_02300","375.75435795898125"
"36_03806","36_02300","373.1265195544366"
"36_03807","36_02300","374.45877795627734"
"36_03808","36_02300","376.72029001342173"
"36_03809","36_02300","378.40220127634774"
"36_03810","36_02300","376.8885508510447"
"36_03801","36_02400","418.39126973346475"
"36_03802","36_02400","418.9218147054278"
"36_03803","36_02400","420.25728772722744"
"36_03804","36_02400","422.5672431895365"
"36_03805","36_02400","422.39496463445835"
"36_03806","36_02400","419.83466811371045"
"36_03807","36_02400","420.3049189832447"
"36_03808","36_02400","422.5911609024987"
"36_03809","36_02400","423.6059789865957"
"36_03810","36_02400","421.79478649258"
"36_03801","36_02500","538.4280266983037"
"36_03802","36_02500","538.1252828597105"
"36_03803","36_02500","539.4785461978486"
"36_03804","36_02500","541.5316428454861"
"36_03805","36_02500","540.8175694014046"
"36_03806","36_02500","538.361824631782"
"36_03807","36_02500","538.1626343429192"
"36_03808","36_02500","540.4191128307336"
"36_03809","36_02500","540.8947458138344"
"36_03810","36_02500","538.8909370253489"
"36_03801","36_02600","638.5781697635783"
"36_03802","36_02600","637.8161161525491"
"36_03803","36_02600","639.1692118729856"
"36_03804","36_02600","641.0644342403798"
"36_03805","36_02600","640.0545837558905"
"36_03806","36_02600","637.6758791854043"
"36_03807","36_02600","637.1066689980295"
"36_03808","36_02600","639.3285161060878"
"36_03809","36_02600","639.5001017021618"
"36_03810","36_02600","637.4056620527347"
"36_03801","36_02700","154.54270844258912"
"36_03802","36_02700","158.77540329223376"
"36_03803","36_02700","159.71129856562845"
"36_03804","36_02700","162.64475080180281"
"36_03805","36_02700","164.96235407599096"
"36_03806","36_02700","162.55424032122647"
"36_03807","36_02700","165.9456959893582"
"36_03808","36_02700","167.79010725272025"
"36_03809","36_02700","170.9672778000038"
"36_03810","36_02700","170.4835497526015"
"36_03801","36_02800","136.34552425802426"
"36_03802","36_02800","142.50210040047102"
"36_03803","36_02800","142.78555976806416"
"36_03804","36_02800","145.33551127391038"
"36_03805","36_02800","149.0619786444276"
"36_03806","36_02800","147.53251827007816"
"36_03807","36_02800","152.2867554916057"
"36_03808","36_02800","153.20794376163695"
"36_03809","36_02800","157.17815475318972"
"36_03810","36_02800","157.886876804838"
"36_03801","36_02900","90.85515119208003"
"36_03802","36_02900","94.8521395207055"
"36_03803","36_02900","95.82474409600235"
"36_03804","36_02900","98.75274909457691"
"36_03805","36_02900","100.96219828624446"
"36_03806","36_02900","98.5304935293349"
"36_03807","36_02900","101.87252723564963"
"36_03808","36_02900","103.72892119673185"
"36_03809","36_02900","106.88940537524101"
"36_03810","36_02900","106.40966532142791"
"36_03801","36_03000","45.42948058889753"
"36_03802","36_03000","50.477061481081236"
"36_03803","36_03000","51.19817998148786"
"36_03804","36_03000","54.09481051462972"
"36_03805","36_03000","57.04000874602809"
"36_03806","36_03000","54.9305583924855"
"36_03807","36_03000","59.10721972848385"
"36_03808","36_03000","60.55902249519933"
"36_03809","36_03000","64.2355353038612"
"36_03810","36_03000","64.36926666386037"
"36_03801","36_03100","62.67895122958378"
"36_03802","36_03100","69.05951192436467"
"36_03803","36_03100","69.11695051846976"
"36_03804","36_03100","71.41164668248435"
"36_03805","36_03100","75.35537872590662"
"36_03806","36_03100","74.18659236550182"
"36_03807","36_03100","79.10549965110387"
"36_03808","36_03100","79.68217451178826"
"36_03809","36_03100","83.69191225338574"
"36_03810","36_03100","84.73822727150821"
"36_03801","36_03200","41.60812097590596"
"36_03802","36_03200","42.31459997082333"
"36_03803","36_03200","40.969005812470456"
"36_03804","36_03200","39.325225122647524"
"36_03805","36_03200","41.06912799363741"
"36_03806","36_03200","43.146936661884915"
"36_03807","36_03200","44.94083958196258"
"36_03808","36_03200","43.00904817269075"
"36_03809","36_03200","44.36077886840551"
"36_03810","36_03200","46.72304053214058"
"36_03801","36_03300","119.11572564422063"
"36_03802","36_03300","122.18857092296224"
"36_03803","36_03300","120.96852305691928"
"36_03804","36_03300","120.17008961018507"
"36_03805","36_03300","122.83235051725215"
"36_03806","36_03300","124.45762619944554"
"36_03807","36_03300","127.20890900069368"
"36_03808","36_03300","125.51987288537589"
"36_03809","36_03300","127.37680088040423"
"36_03810","36_03300","129.7377401074088"
"36_03801","36_03700","7.1467622567301134"
"36_03802","36_03700","11.23493169139943"
"36_03803","36_03700","10.404941219190523"
"36_03804","36_03700","11.418659979180292"
"36_03805","36_03700","15.50123862487257"
"36_03806","36_03700","15.477101073728527"
"36_03807","36_03700","20.13051939378167"
"36_03808","36_03700","19.858725171698236"
"36_03809","36_03700","23.675982177011456"
"36_03810","36_03700","25.298663841005585"
"09_00100","36_03800","108.97506204555799"
"09_00101","36_03800","91.9881032436378"
"09_00102","36_03800","60.751829326978395"
"09_00103","36_03800","80.01743688254193"
"09_00104","36_03800","105.44615284492232"
"09_00105","36_03800","116.3148232934833"
"09_00300","36_03800","223.13106706753086"
"09_00301","36_03800","214.81202414008123"
"09_00302","36_03800","204.6128426270609"
"09_00303","36_03800","199.55257480705592"
"09_00304","36_03800","176.74273966781635"
"09_00305","36_03800","182.66018051017537"
"09_00306","36_03800","204.0884123008348"
"09_00500","36_03800","170.5049102535242"
"09_00700","36_03800","188.8956439360493"
"09_00900","36_03800","145.48084843867505"
"09_00901","36_03800","155.1610575221557"
"09_00902","36_03800","163.3871670203745"
"09_00903","36_03800","140.5563754674186"
"09_00904","36_03800","125.96515695027705"
"09_00905","36_03800","140.2575643893245"
"09_00906","36_03800","160.6221394974045"
"09_01100","36_03800","238.1851271592968"
"09_01101","36_03800","220.63677539442102"
"09_01300","36_03800","241.78898105350208"
"09_01500","36_03800","269.9835407077704"
"23_00100","36_03800","1043.2477697312377"
"23_00200","36_03800","833.6212229348096"
"23_00300","36_03800","920.7478878817118"
"23_00400","36_03800","721.4170942576253"
"23_00500","36_03800","804.3029187992386"
"23_00600","36_03800","661.039752105552"
"23_00700","36_03800","642.7599390514196"
"23_00800","36_03800","556.2462377870964"
"23_00900","36_03800","588.5833594648312"
"23_01000","36_03800","596.6854815099211"
"25_00100","36_03800","251.77447776884273"
"25_00200","36_03800","301.2189898479669"
"25_00300","36_03800","327.2161505479812"
"25_00301","36_03800","356.6559957335934"
"25_00302","36_03800","313.3539753835016"
"25_00303","36_03800","340.5900741018113"
"25_00304","36_03800","308.3519055971629"
"25_00400","36_03800","349.0787564132473"
"25_00501","36_03800","395.5204984293811"
"25_00502","36_03800","404.7048121384335"
"25_00503","36_03800","391.48793057805005"
"25_00504","36_03800","361.6059839426332"
"25_00505","36_03800","395.8216492660823"
"25_00506","36_03800","396.4230367212967"
"25_00507","36_03800","401.88374968604717"
"25_00508","36_03800","403.5347341750887"
"25_00701","36_03800","432.4378729594549"
"25_00702","36_03800","438.5834357643415"
"25_00703","36_03800","450.50086430533077"
"25_00704","36_03800","420.1518842592667"
"25_01000","36_03800","421.2748091271867"
"25_01300","36_03800","410.19789582813297"
"25_01400","36_03800","374.44992099450417"
"25_01600","36_03800","260.80844109363176"
"25_01900","36_03800","254.462340701094"
"25_01901","36_03800","243.19170483786286"
"25_01902","36_03800","259.9124607961132"
"25_02400","36_03800","350.8727502164979"
"25_02800","36_03800","409.17337236033075"
"25_03301","36_03800","392.9302425469623"
"25_03302","36_03800","403.03831176746456"
"25_03303","36_03800","396.788742300372"
"25_03304","36_03800","393.20261917119416"
"25_03305","36_03800","386.7954661529937"
"25_03306","36_03800","408.8150974020273"
"25_03400","36_03800","385.8752003002098"
"25_03500","36_03800","372.32096149044435"
"25_03601","36_03800","353.40484722819605"
"25_03602","36_03800","379.9105270418217"
"25_03603","36_03800","391.3795669769549"
"25_03900","36_03800","401.1897912705047"
"25_04000","36_03800","378.94410667710645"
"25_04200","36_03800","340.87162481259213"
"25_04301","36_03800","364.4658929200575"
"25_04302","36_03800","347.40560215995134"
"25_04303","36_03800","358.4512128086384"
"25_04500","36_03800","363.79589612495977"
"25_04700","36_03800","408.75172197287407"
"25_04800","36_03800","430.39827712980656"
"25_04901","36_03800","379.3664539629488"
"25_04902","36_03800","388.1087493574335"
"25_04903","36_03800","407.0037038748192"
"33_00100","36_03800","599.8755281035279"
"33_00200","36_03800","530.1791686339916"
"33_00300","36_03800","499.3454952219428"
"33_00400","36_03800","451.4568915450008"
"33_00500","36_03800","398.73691916554134"
"33_00600","36_03800","399.03053247048473"
"33_00700","36_03800","436.9659569446546"
"33_00800","36_03800","433.3428292399943"
"33_00900","36_03800","410.3277339766272"
"33_01000","36_03800","459.73844012951923"
"34_00101","36_03800","198.16889874014456"
"34_00102","36_03800","206.42609513169378"
"34_00301","36_03800","17.492615483989145"
"34_00302","36_03800","14.86995672822486"
"34_00303","36_03800","10.045883384191464"
"34_00304","36_03800","24.6994957878964"
"34_00305","36_03800","29.3195432087621"
"34_00306","36_03800","46.49218184734209"
"34_00307","36_03800","24.857868274766453"
"34_00308","36_03800","35.5183411299713"
"34_00400","36_03800","29.67828305601577"
"34_00501","36_03800","22.95408635499391"
"34_00502","36_03800","33.43953438524245"
"34_00503","36_03800","60.63082237891102"
"34_00601","36_03800","11.476610628224378"
"34_00602","36_03800","16.290976739010972"
"34_00701","36_03800","8.754740215427548"
"34_00702","36_03800","7.417695561042754"
"34_00703","36_03800","18.805491246699138"
"34_00800","36_03800","109.6327848576872"
"34_00901","36_03800","76.58933461835974"
"34_00902","36_03800","85.34290411181077"
"34_00903","36_03800","60.998829256348785"
"34_00904","36_03800","57.362419334219105"
"34_00905","36_03800","45.710598176792956"
"34_00906","36_03800","68.42859301694435"
"34_00907","36_03800","58.488053775688485"
"34_01001","36_03800","78.26958053805244"
"34_01002","36_03800","84.63387459160187"
"34_01003","36_03800","71.65978333638755"
"34_01101","36_03800","87.87242095939945"
"34_01102","36_03800","96.31053760650312"
"34_01103","36_03800","73.65928021060571"
"34_01104","36_03800","59.38785748696511"
"34_01105","36_03800","61.146817682400055"
"34_01106","36_03800","81.62078108904261"
"34_01201","36_03800","154.5213052288464"
"34_01202","36_03800","126.57171232834618"
"34_01203","36_03800","108.59485642839155"
"34_01204","36_03800","117.54452373789377"
"34_01205","36_03800","108.05065411713663"
"34_01301","36_03800","22.876853362544008"
"34_01302","36_03800","27.732934633893603"
"34_01401","36_03800","23.2073936475895"
"34_01402","36_03800","30.930682004511795"
"34_01403","36_03800","34.80081724832904"
"34_01404","36_03800","37.68681091899315"
"34_01501","36_03800","64.24877525047854"
"34_01502","36_03800","80.86734017412016"
"34_01503","36_03800","49.66706822012529"
"34_01504","36_03800","55.32530070527448"
"34_01600","36_03800","96.58171728913582"
"34_01700","36_03800","115.24563873930502"
"34_01800","36_03800","30.04664931990392"
"34_01901","36_03800","35.573350332252744"
"34_01902","36_03800","46.57175727915871"
"34_01903","36_03800","50.48086251859567"
"34_01904","36_03800","40.09866432327418"
"34_02001","36_03800","144.38398840242556"
"34_02002","36_03800","163.768814584927"
"34_02003","36_03800","152.55026326266838"
"34_02101","36_03800","174.08280056795843"
"34_02102","36_03800","178.89714073538994"
"34_02103","36_03800","184.46469508489685"
"34_02104","36_03800","172.92299772535094"
"34_02201","36_03800","192.2539434735847"
"34_02202","36_03800","205.09080531903706"
"34_02301","36_03800","119.55676135035154"
"34_02302","36_03800","106.50321189387743"
"34_02303","36_03800","112.37151834124452"
"34_02400","36_03800","240.95417624940444"
"34_02500","36_03800","234.07696401638555"
"34_02600","36_03800","253.61428789794067"
"36_00100","36_03800","575.2652022462084"
"36_00200","36_03800","520.9279349285772"
"36_00300","36_03800","401.73415191872704"
"36_00401","36_03800","416.56821005079826"
"36_00402","36_03800","387.49521795638987"
"36_00403","36_03800","298.4437536245629"
"36_00500","36_03800","509.4709976041913"
"36_00600","36_03800","465.370462821341"
"36_00701","36_03800","416.3846267680043"
"36_00702","36_03800","439.0427566698158"
"36_00703","36_03800","417.7363988948609"
"36_00704","36_03800","420.4089604926471"
"36_00800","36_03800","470.8482894023089"
"36_00901","36_03800","532.4545494456772"
"36_00902","36_03800","538.7123879599283"
"36_00903","36_03800","543.103502611749"
"36_00904","36_03800","554.2097242152473"
"36_00905","36_03800","562.5025145044212"
"36_00906","36_03800","524.3297743180657"
"36_01000","36_03800","587.6015882087494"
"36_01101","36_03800","651.547866966884"
"36_01102","36_03800","642.6523401050717"
"36_01201","36_03800","644.5995521778104"
"36_01202","36_03800","629.2737110801183"
"36_01203","36_03800","606.8477528727306"
"36_01204","36_03800","618.3240150353096"
"36_01205","36_03800","626.7240934521271"
"36_01206","36_03800","634.2308948991239"
"36_01207","36_03800","600.809634826524"
"36_01300","36_03800","533.2877120054354"
"36_01400","36_03800","469.8007939876829"
"36_01500","36_03800","364.1382866443898"
"36_01600","36_03800","339.6843882709097"
"36_01700","36_03800","304.9369639252637"
"36_01801","36_03800","324.2162711862383"
"36_01802","36_03800","353.87266180791966"
"36_01900","36_03800","292.99109852851427"
"36_02001","36_03800","282.89201739533667"
"36_02002","36_03800","271.24814910053396"
"36_02100","36_03800","221.17301989959125"
"36_02201","36_03800","299.3608383279409"
"36_02202","36_03800","320.58738605099694"
"36_02203","36_03800","266.5381408129929"
"36_02300","36_03800","374.2195847967663"
"36_02401","36_03800","376.61932139478125"
"36_02402","36_03800","428.7590167241327"
"36_02500","36_03800","539.2920640438443"
"36_02600","36_03800","638.5532234215548"
"36_02701","36_03800","168.41088866905798"
"36_02702","36_03800","155.69699185672275"
"36_02801","36_03800","155.51854805950052"
"36_02802","36_03800","119.13931593606964"
"36_02901","36_03800","108.89197948812716"
"36_02902","36_03800","112.47581139526275"
"36_02903","36_03800","81.98617668682712"
"36_03001","36_03800","63.51837427691955"
"36_03002","36_03800","44.51938250883444"
"36_03003","36_03800","57.4529058297978"
"36_03101","36_03800","98.84900165506988"
"36_03102","36_03800","63.63969136048777"
"36_03103","36_03800","75.41024505314226"
"36_03104","36_03800","42.99361265089413"
"36_03105","36_03800","40.38027787122844"
"36_03106","36_03800","27.426366630970417"
"36_03107","36_03800","29.031370599454917"
"36_03201","36_03800","32.15995123555075"
"36_03202","36_03800","46.7573870848155"
"36_03203","36_03800","53.031246268340176"
"36_03204","36_03800","36.930999317896514"
"36_03205","36_03800","33.76887993684284"
"36_03206","36_03800","43.18612277851572"
"36_03207","36_03800","48.785931169826405"
"36_03208","36_03800","58.70843284758665"
"36_03209","36_03800","51.12885890921512"
"36_03210","36_03800","46.457260567236716"
"36_03211","36_03800","35.31227620682149"
"36_03212","36_03800","37.097377356672865"
"36_03301","36_03800","65.3535788865995"
"36_03302","36_03800","67.24251334511003"
"36_03303","36_03800","84.44960041362492"
"36_03304","36_03800","109.99871712438093"
"36_03305","36_03800","172.11391983445327"
"36_03306","36_03800","123.93195173916556"
"36_03307","36_03800","107.6681739481523"
"36_03308","36_03800","100.04875473125607"
"36_03309","36_03800","95.2277607252508"
"36_03310","36_03800","82.24588792142909"
"36_03311","36_03800","82.90038640694141"
"36_03312","36_03800","70.3371534108072"
"36_03313","36_03800","65.65578120349085"
"36_03701","36_03800","17.87761826121658"
"36_03702","36_03800","20.294956210284763"
"36_03703","36_03800","19.990564272976023"
"36_03704","36_03800","17.232460690371347"
"36_03705","36_03800","13.355838973504525"
"36_03706","36_03800","16.07956420584374"
"36_03707","36_03800","12.718657782925135"
"36_03708","36_03800","9.570292301514984"
"36_03709","36_03800","13.904772912009424"
"36_03710","36_03800","8.903160872622461"
"36_03801","36_03800","12.259720612409737"
"36_03802","36_03800","5.921881124438451"
"36_03803","36_03800","5.8629877717574415"
"36_03804","36_03800","4.389141465323455"
"36_03805","36_03800","1.5489968616766214"
"36_03806","36_03800","1.151278475264518"
"36_03807","36_03800","4.421017012787988"
"36_03808","36_03800","4.791150700070458"
"36_03809","36_03800","8.783598816931491"
"36_03810","36_03800","9.882568826289674"
"36_03901","36_03800","42.0062423257281"
"36_03902","36_03800","32.73685252901897"
"36_03903","36_03800","27.814633623272833"
"36_04001","36_03800","8.893425162297584"
"36_04002","36_03800","12.901877054057204"
"36_04003","36_03800","13.180601993197104"
"36_04004","36_03800","12.499308143147212"
"36_04005","36_03800","15.665821252394036"
"36_04006","36_03800","15.260528592488502"
"36_04007","36_03800","17.3694703020237"
"36_04008","36_03800","19.277276234886134"
"36_04009","36_03800","24.887158037108005"
"36_04010","36_03800","19.39705700999074"
"36_04011","36_03800","17.176144834597906"
"36_04012","36_03800","19.103216472360756"
"36_04013","36_03800","23.562705671808967"
"36_04014","36_03800","21.72196413603924"
"36_04015","36_03800","21.602241914290524"
"36_04016","36_03800","26.860674614087635"
"36_04017","36_03800","25.20824986671692"
"36_04018","36_03800","28.798735921234382"
"36_04101","36_03800","5.639300980438701"
"36_04102","36_03800","10.409519769546764"
"36_04103","36_03800","16.878317609660105"
"36_04104","36_03800","23.345198372403367"
"36_04105","36_03800","27.560129628505905"
"36_04106","36_03800","20.47878240176557"
"36_04107","36_03800","13.58884306302372"
"36_04108","36_03800","15.157190555930235"
"36_04109","36_03800","7.528196806360186"
"36_04110","36_03800","13.097618790495623"
"36_04111","36_03800","18.356273134729484"
"36_04112","36_03800","24.472627052660247"
"36_04113","36_03800","21.783972936093793"
"36_04114","36_03800","31.529707815256664"
"42_00101","36_03800","707.7366824391563"
"42_00102","36_03800","698.5471619398811"
"42_00200","36_03800","656.2064282807524"
"42_00300","36_03800","500.19574515734894"
"42_00400","36_03800","347.29319410297296"
"42_00500","36_03800","205.84839736301564"
"42_00600","36_03800","158.2653666655477"
"42_00701","36_03800","210.48703170608954"
"42_00702","36_03800","229.57654579397416"
"42_00801","36_03800","215.01149657862217"
"42_00802","36_03800","228.40903532433296"
"42_00803","36_03800","263.3695685380064"
"42_00900","36_03800","379.37566960091317"
"42_01000","36_03800","304.4833634856889"
"42_01100","36_03800","372.6492572932562"
"42_01200","36_03800","429.4021666335605"
"42_01300","36_03800","606.0365514928156"
"42_01400","36_03800","704.5334021141117"
"42_01501","36_03800","708.9583590502715"
"42_01502","36_03800","711.5472916373974"
"42_01600","36_03800","662.1851294521429"
"42_01701","36_03800","668.5731192524553"
"42_01702","36_03800","673.4491774591961"
"42_01801","36_03800","695.3527586768088"
"42_01802","36_03800","666.7240120949679"
"42_01803","36_03800","672.164151430293"
"42_01804","36_03800","649.8795917683809"
"42_01805","36_03800","659.6163531874612"
"42_01806","36_03800","676.8968314725122"
"42_01807","36_03800","679.4102034324425"
"42_01900","36_03800","588.6764366438777"
"42_02001","36_03800","633.8573868412318"
"42_02002","36_03800","640.7785320947859"
"42_02003","36_03800","602.401632361935"
"42_02100","36_03800","530.0037181648944"
"42_02200","36_03800","464.7020140804694"
"42_02301","36_03800","377.7375461912531"
"42_02302","36_03800","350.5077857103777"
"42_02401","36_03800","326.42919172244467"
"42_02402","36_03800","316.24835703088496"
"42_02500","36_03800","283.6913084305236"
"42_02600","36_03800","250.55853549595403"
"42_02701","36_03800","245.14927711527733"
"42_02702","36_03800","230.12790064244024"
"42_02703","36_03800","208.57570743839153"
"42_02801","36_03800","193.05790628819236"
"42_02802","36_03800","173.19562032562473"
"42_02803","36_03800","170.0112900410449"
"42_02901","36_03800","150.9613277568824"
"42_02902","36_03800","149.3240148536789"
"42_03001","36_03800","150.1683429843807"
"42_03002","36_03800","139.08642087881555"
"42_03003","36_03800","130.43531653145536"
"42_03004","36_03800","143.57289938306937"
"42_03101","36_03800","190.9446211004843"
"42_03102","36_03800","173.80592209046844"
"42_03103","36_03800","184.6104215893465"
"42_03104","36_03800","177.11048224236774"
"42_03105","36_03800","159.82083587403105"
"42_03106","36_03800","166.08847336222382"
"42_03201","36_03800","154.19498001677462"
"42_03202","36_03800","162.49197283959998"
"42_03203","36_03800","164.4888572886634"
"42_03204","36_03800","169.00321678220422"
"42_03205","36_03800","171.82450487767713"
"42_03206","36_03800","174.34158895515566"
"42_03207","36_03800","175.98224558429396"
"42_03208","36_03800","181.85017470860296"
"42_03209","36_03800","179.1802659883845"
"42_03210","36_03800","188.09379987445993"
"42_03211","36_03800","183.78350482350547"
"42_03301","36_03800","194.10184779142813"
"42_03302","36_03800","193.04258217245214"
"42_03303","36_03800","200.7730065804543"
"42_03304","36_03800","211.94942068639557"
"42_03401","36_03800","205.62804163497452"
"42_03402","36_03800","211.46772850630222"
"42_03403","36_03800","230.0950668544359"
"42_03404","36_03800","250.27906244498834"
"42_03501","36_03800","277.8365869945356"
"42_03502","36_03800","292.16989343912246"
"42_03503","36_03800","263.8713220221139"
"42_03504","36_03800","291.2688423010591"
"42_03601","36_03800","329.1603097272094"
"42_03602","36_03800","339.63897888648376"
"42_03603","36_03800","327.6641462832267"
"42_03701","36_03800","388.4361365878571"
"42_03702","36_03800","436.53783588751367"
"42_03800","36_03800","534.7028402961953"
"42_03900","36_03800","644.6069150307471"
"42_04001","36_03800","710.4549413822706"
"42_04002","36_03800","704.123786514235"
"44_00101","36_03800","305.82817944661707"
"44_00102","36_03800","330.50381805341766"
"44_00103","36_03800","322.97390597805855"
"44_00104","36_03800","317.68418646090265"
"44_00201","36_03800","295.4222018186916"
"44_00300","36_03800","325.85133843439064"
"44_00400","36_03800","280.3212368581289"
"50_00100","36_03800","601.94250911873"
"50_00200","36_03800","607.3382377350944"
"50_00300","36_03800","439.12261402229166"
"50_00400","36_03800","432.4352890467459"
"36_03801","36_03900","47.36338690012374"
"36_03802","36_03900","40.97818104393587"
"36_03803","36_03900","41.25710247634197"
"36_03804","36_03900","39.65178981842611"
"36_03805","36_03900","35.55037242557963"
"36_03806","36_03900","35.96389830771206"
"36_03807","36_03900","31.060376459333234"
"36_03808","36_03900","31.195863266906542"
"36_03809","36_03900","27.503210316213455"
"36_03810","36_03900","25.75021349929575"
"36_03801","36_04000","31.14700333834097"
"36_03802","36_04000","25.334623413981355"
"36_03803","36_04000","24.820149214544777"
"36_03804","36_04000","22.114100923058785"
"36_03805","36_04000","18.68953221290228"
"36_03806","36_04000","20.726750229903043"
"36_03807","36_04000","16.879398130734703"
"36_03808","36_04000","15.158865066460931"
"36_03809","36_04000","11.859012131298698"
"36_03810","36_04000","12.671165624609095"
"36_03801","36_04100","25.178186810258236"
"36_03802","36_04100","22.19398276002262"
"36_03803","36_04100","20.973625283969465"
"36_03804","36_04100","18.26910818936295"
"36_03805","36_04100","17.964853349442976"
"36_03806","36_04100","20.533148210287735"
"36_03807","36_04100","20.547636989900706"
"36_03808","36_04100","18.341823738962006"
"36_03809","36_04100","18.79352873245794"
"36_03810","36_04100","21.10944955937706"
"36_03801","42_00100","699.8274388765337"
"36_03802","42_00100","698.5423782478524"
"36_03803","42_00100","699.8865576598523"
"36_03804","42_00100","701.5897351532965"
"36_03805","42_00100","700.2517898004984"
"36_03806","42_00100","697.9756393823304"
"36_03807","42_00100","696.9950545511433"
"36_03808","42_00100","699.1632540830731"
"36_03809","42_00100","698.995760609733"
"36_03810","42_00100","696.8155752980331"
"36_03801","42_00200","657.7474727787773"
"36_03802","42_00200","656.203174578678"
"36_03803","42_00200","657.5395067921102"
"36_03804","42_00200","659.143594890862"
"36_03805","42_00200","657.6489985435387"
"36_03806","42_00200","655.4283590769179"
"36_03807","42_00200","654.251955642288"
"36_03808","42_00200","656.3891326710627"
"36_03809","42_00200","656.0617830408024"
"36_03810","42_00200","653.8468650043494"
"36_03801","42_00300","501.906129329682"
"36_03802","42_00300","500.2663922726182"
"36_03803","42_00300","501.5995785551541"
"36_03804","42_00300","503.17122810572306"
"36_03805","42_00300","501.6320660312435"
"36_03806","42_00300","499.4272998520679"
"36_03807","42_00300","498.2011287159551"
"36_03808","42_00300","500.3308830294432"
"36_03809","42_00300","499.9721825218808"
"36_03810","42_00300","497.7517457925826"
"36_03801","42_00400","346.5372948267209"
"36_03802","42_00400","346.15862195619343"
"36_03803","42_00400","347.5122365899224"
"36_03804","42_00400","349.54962687802"
"36_03805","42_00400","348.81804657625696"
"36_03806","42_00400","346.3649308516629"
"36_03807","42_00400","346.1622154641549"
"36_03808","42_00400","348.419443596848"
"36_03809","42_00400","348.9119221047464"
"36_03810","42_00400","346.9168486173213"
"36_03801","42_00500","202.26638409480773"
"36_03802","42_00500","203.35902084564435"
"36_03803","42_00500","204.66704207432687"
"36_03804","42_00500","207.14097082860962"
"36_03805","42_00500","207.39377775347282"
"36_03806","42_00500","204.7823628129933"
"36_03807","42_00500","205.81158572516486"
"36_03808","42_00500","208.08900403942818"
"36_03809","42_00500","209.5734391175343"
"36_03810","42_00500","207.97475740386557"
"36_03801","42_00600","159.6236044092795"
"36_03802","42_00600","158.08459836659512"
"36_03803","42_00600","159.42430053259295"
"36_03804","42_00600","161.08299760384483"
"36_03805","42_00600","159.73201696268677"
"36_03806","42_00600","157.4521559446708"
"36_03807","42_00600","156.5279004993626"
"36_03808","42_00600","158.71378456763006"
"36_03809","42_00600","158.69309815743657"
"36_03810","42_00600","156.5603889294904"
"36_03801","42_00700","227.20896255130717"
"36_03802","42_00700","227.07637644695924"
"36_03803","42_00700","228.4272151541565"
"36_03804","42_00700","230.55613333336618"
"36_03805","42_00700","230.02246947760435"
"36_03806","42_00700","227.52359565758212"
"36_03807","42_00700","227.59143657447427"
"36_03808","42_00700","229.86631557582615"
"36_03809","42_00700","230.6013060571808"
"36_03810","42_00700","228.69331959555876"
"36_03801","42_00800","248.72112467670678"
"36_03802","42_00800","246.99334124099497"
"36_03803","42_00800","248.32467729677055"
"36_03804","42_00800","249.88427884533033"
"36_03805","42_00800","248.35090359734738"
"36_03806","42_00800","246.14048881674285"
"36_03807","42_00800","244.95010269216127"
"36_03808","42_00800","247.09071102988898"
"36_03809","42_00800","246.8045434743176"
"36_03810","42_00800","244.6035896748422"
"36_03801","42_00900","381.1967847470241"
"36_03802","42_00900","379.4888077548756"
"36_03803","42_00900","380.8198156384774"
"36_03804","42_00900","382.37139272012837"
"36_03805","42_00900","380.8090149213225"
"36_03806","42_00900","378.6120121556639"
"36_03807","42_00900","377.36511419614493"
"36_03808","42_00900","379.4927648063002"
"36_03809","42_00900","379.130184970819"
"36_03810","42_00900","376.9102066243445"
"36_03801","42_01000","308.12433422271647"
"36_03802","42_01000","305.4858885057283"
"36_03803","42_01000","306.76370653177855"
"36_03804","42_01000","307.9233911929989"
"36_03805","42_01000","305.8138795899222"
"36_03806","42_01000","303.85672227097683"
"36_03807","42_01000","301.9123483960577"
"36_03808","42_01000","303.8941619191129"
"36_03809","42_01000","302.9580996032787"
"36_03810","42_01000","300.64399332641517"
"36_03801","42_01100","377.2156790014962"
"36_03802","42_01100","374.12758572327584"
"36_03803","42_01100","375.3653476101056"
"36_03804","42_01100","376.3031367423612"
"36_03805","42_01100","373.9083743190435"
"36_03806","42_01100","372.1057161420473"
"36_03807","42_01100","369.78056280983094"
"36_03808","42_01100","371.65567940834194"
"36_03809","42_01100","370.3789442530563"
"36_03810","42_01100","368.03029400495416"
"36_03801","42_01200","433.0469156299989"
"36_03802","42_01200","430.42278510365907"
"36_03803","42_01200","431.7003645129173"
"36_03804","42_01200","432.8546285155513"
"36_03805","42_01200","430.7276934511734"
"36_03806","42_01200","428.78078001224725"
"36_03807","42_01200","426.80376224790894"
"36_03808","42_01200","428.7741480128672"
"36_03809","42_01200","427.7900614852965"
"36_03810","42_01200","425.4691220891074"
"36_03801","42_01300","608.7230990323925"
"36_03802","42_01300","606.5929845807229"
"36_03803","42_01300","607.902606972584"
"36_03804","42_01300","609.2676712663151"
"36_03805","42_01300","607.4196837790055"
"36_03806","42_01300","605.3419412315077"
"36_03807","42_01300","603.717686856787"
"36_03808","42_01300","605.7690698649432"
"36_03809","42_01300","605.0700802441463"
"36_03810","42_01300","602.7874971870943"
"36_03801","42_01400","707.3905877727015"
"36_03802","42_01400","705.1782515421346"
"36_03803","42_01400","706.4828019521448"
"36_03804","42_01400","707.8096419851644"
"36_03805","42_01400","705.9053729756318"
"36_03806","42_01400","703.8531947868614"
"36_03807","42_01400","702.1540299920729"
"36_03808","42_01400","704.1882264469981"
"36_03809","42_01400","703.4211548077385"
"36_03810","42_01400","701.1278961998739"
"36_03801","42_01500","713.7717959482366"
"36_03802","42_01500","710.9651395537938"
"36_03803","42_01500","712.2265908887434"
"36_03804","42_01500","713.2839409300625"
"36_03805","42_01500","711.0230791805488"
"36_03806","42_01500","709.1475011768582"
"36_03807","42_01500","706.9868514246903"
"36_03808","42_01500","708.9049261129029"
"36_03809","42_01500","707.7440352975434"
"36_03810","42_01500","705.4040038022763"
"36_03801","42_01600","665.9933604894372"
"36_03802","42_01600","663.3013499195279"
"36_03803","42_01600","664.5724351201391"
"36_03804","42_01600","665.6849128034124"
"36_03805","42_01600","663.4950898920453"
"36_03806","42_01600","661.5817033723121"
"36_03807","42_01600","659.514583858969"
"36_03808","42_01600","661.4586083252756"
"36_03809","42_01600","660.3802010865056"
"36_03810","42_01600","658.048155856122"
"36_03801","42_01700","675.9279742172207"
"36_03802","42_01700","672.6852931383773"
"36_03803","42_01700","673.9052321565467"
"36_03804","42_01700","674.7500038175025"
"36_03805","42_01700","672.2334907729096"
"36_03806","42_01700","670.5047618922268"
"36_03807","42_01700","668.0088696244786"
"36_03808","42_01700","669.8260900892733"
"36_03809","42_01700","668.3760584806007"
"36_03810","42_01700","666.0166985863688"
"36_03801","42_01900","592.9974199217357"
"36_03802","42_01900","590.0467928433584"
"36_03803","42_01900","591.2959578180003"
"36_03804","42_01900","592.2881293663004"
"36_03805","42_01900","589.949411227047"
"36_03806","42_01900","588.1162283537054"
"36_03807","42_01900","585.856347528789"
"36_03808","42_01900","587.7471110433213"
"36_03809","42_01900","586.5065904231392"
"36_03810","42_01900","584.1600921650938"
"36_03801","42_02000","621.4531110416565"
"36_03802","42_02000","617.9666531280043"
"36_03803","42_02000","619.1594070122447"
"36_03804","42_02000","619.8798776493848"
"36_03805","42_02000","617.223960221761"
"36_03806","42_02000","615.5835732974718"
"36_03807","42_02000","612.9032704281792"
"36_03808","42_02000","614.6586255421931"
"36_03809","42_02000","613.0492997151492"
"36_03810","42_02000","610.685104994729"
"36_03801","42_02100","535.0652581022175"
"36_03802","42_02100","531.7457426029623"
"36_03803","42_02100","532.9580960937757"
"36_03804","42_02100","533.7689401034539"
"36_03805","42_02100","531.2171990469744"
"36_03806","42_02100","529.5097570848918"
"36_03807","42_02100","526.9701194337124"
"36_03808","42_02100","528.7745791395175"
"36_03809","42_02100","527.2942847307208"
"36_03810","42_02100","524.9337866870135"
"36_03801","42_02200","470.091374126471"
"36_03802","42_02200","466.6071252584321"
"36_03803","42_02200","467.80115075243464"
"36_03804","42_02200","468.52984876538244"
"36_03805","42_02200","465.8879744916876"
"36_03806","42_02200","464.23779098189783"
"36_03807","42_02200","461.57981642769306"
"36_03808","42_02200","463.3451843987176"
"36_03809","42_02200","461.76612505206117"
"36_03810","42_02200","459.4026076411926"
"36_03801","42_02300","380.4728270846953"
"36_03802","42_02300","376.50689389797935"
"36_03803","42_02300","377.63799593211525"
"36_03804","42_02300","378.1087367086574"
"36_03805","42_02300","375.1985553271383"
"36_03806","42_02300","373.7367129324456"
"36_03807","42_02300","370.71885998396306"
"36_03808","42_02300","372.35057209391505"
"36_03809","42_02300","370.46061579184993"
"36_03810","42_02300","368.0985526706317"
"36_03801","42_02400","323.6410200485412"
"36_03802","42_02400","319.7937859356525"
"36_03803","42_02400","320.94295936491824"
"36_03804","42_02400","321.48749153009345"
"36_03805","42_02400","318.6567524317754"
"36_03806","42_02400","317.1356213538707"
"36_03807","42_02400","314.22868458842254"
"36_03808","42_02400","315.90671162546306"
"36_03809","42_02400","314.12580744261044"
"36_03810","42_02400","311.7611918512785"
"36_03801","42_02500","290.2919001385749"
"36_03802","42_02500","286.2030938314245"
"36_03803","42_02500","287.3173324683272"
"36_03804","42_02500","287.728006924797"
"36_03805","42_02500","284.7649687940504"
"36_03806","42_02500","283.34323177695313"
"36_03807","42_02500","280.25674185714433"
"36_03808","42_02500","281.86381681905146"
"36_03809","42_02500","279.9279273504004"
"36_03810","42_02500","277.56739866874966"
"36_03801","42_02600","255.34773182646094"
"36_03802","42_02600","252.1292931362997"
"36_03803","42_02600","253.35615920926668"
"36_03804","42_02600","254.2459611634274"
"36_03805","42_02600","251.8068779980521"
"36_03806","42_02600","250.02837754625955"
"36_03807","42_02600","247.65530492767317"
"36_03808","42_02600","249.52088865602607"
"36_03809","42_02600","248.22952327872486"
"36_03810","42_02600","245.88055194918738"
"36_03801","42_02700","231.2909548313737"
"36_03802","42_02700","227.04945633184974"
"36_03803","42_02700","228.1410198631727"
"36_03804","42_02700","228.47275007825712"
"36_03805","42_02700","225.4403224892632"
"36_03806","42_02700","224.07353870120193"
"36_03807","42_02700","220.89473120350212"
"36_03808","42_02700","222.46638113890901"
"36_03809","42_02700","220.46375618293624"
"36_03810","42_02700","218.1061682672408"
"36_03801","42_02890","179.2183636714233"
"36_03802","42_02890","176.10320778970018"
"36_03803","42_02890","177.3433525419503"
"36_03804","42_02890","178.30687161209642"
"36_03805","42_02890","175.9741232356219"
"36_03806","42_02890","174.13201513730021"
"36_03807","42_02890","171.91615007690325"
"36_03808","42_02890","173.83421798794222"
"36_03809","42_02890","172.71598063067972"
"36_03810","42_02890","170.3834318158312"
"36_03801","42_03000","151.43934379576922"
"36_03802","42_03000","146.1652814340989"
"36_03803","42_03000","147.03664149895394"
"36_03804","42_03000","146.68554017669982"
"36_03805","42_03000","143.10217378047736"
"36_03806","42_03000","142.28863454676124"
"36_03807","42_03000","138.31727830181015"
"36_03808","42_03000","139.47242169410745"
"36_03809","42_03000","136.75404557553696"
"36_03810","42_03000","134.495035597137"
"36_03801","42_03100","185.7554585919675"
"36_03802","42_03100","180.44639341755462"
"36_03803","42_03100","181.3044745145352"
"36_03804","42_03100","180.90892281805333"
"36_03805","42_03100","177.28853940054722"
"36_03806","42_03100","176.52157189226267"
"36_03807","42_03100","172.4942965074349"
"36_03808","42_03100","173.60414667140225"
"36_03809","42_03100","170.8088345935887"
"36_03810","42_03100","168.5706472390454"
"36_03801","42_03200","182.40425957984894"
"36_03802","42_03200","176.4439738665693"
"36_03803","42_03200","177.05430689219978"
"36_03804","42_03200","176.03798322977647"
"36_03805","42_03200","172.07840407239163"
"36_03806","42_03200","171.88918956932946"
"36_03807","42_03200","167.31689452506387"
"36_03808","42_03200","167.94437926273542"
"36_03809","42_03200","164.56766917366022"
"36_03810","42_03200","162.56669008634327"
"36_03801","42_03300","213.4390581904312"
"36_03802","42_03300","207.60483959293668"
"36_03803","42_03300","208.27337606477735"
"36_03804","42_03300","207.38786184966196"
"36_03805","42_03300","203.4834688514655"
"36_03806","42_03300","203.1706729934652"
"36_03807","42_03300","198.69501952566284"
"36_03808","42_03300","199.42425267404147"
"36_03809","42_03300","196.14784384531313"
"36_03810","42_03300","194.09216774863526"
"36_03801","42_03400","240.02036840562022"
"36_03802","42_03400","234.5820631318129"
"36_03803","42_03400","235.3975008485547"
"36_03804","42_03400","234.87863860748305"
"36_03805","42_03400","231.17237148767052"
"36_03806","42_03400","230.52222215280636"
"36_03807","42_03400","226.36443071379318"
"36_03808","42_03400","227.37195165876068"
"36_03809","42_03400","224.42541081114808"
"36_03810","42_03400","222.23361235422684"
"36_03801","42_03500","284.06211271028627"
"36_03802","42_03500","279.13576710932887"
"36_03803","42_03500","280.08945688157706"
"36_03804","42_03500","279.96024686708444"
"36_03805","42_03500","276.522917893266"
"36_03806","42_03500","275.5369348980644"
"36_03807","42_03500","271.78060268904903"
"36_03808","42_03500","273.0542434361457"
"36_03809","42_03500","270.4946117372045"
"36_03810","42_03500","268.20399377166143"
"36_03801","42_03600","339.96964165194146"
"36_03802","42_03600","335.11442853259064"
"36_03803","42_03600","336.08307534874217"
"36_03804","42_03600","335.99639908663556"
"36_03805","42_03600","332.5887506720127"
"36_03806","42_03600","331.57070645900734"
"36_03807","42_03600","327.8566971994324"
"36_03808","42_03600","329.15202851454063"
"36_03809","42_03600","326.62313243412666"
"36_03810","42_03600","324.3271975796325"
"36_03801","42_03700","422.8854390072317"
"36_03802","42_03700","418.3746206248505"
"36_03803","42_03700","419.4134233122687"
"36_03804","42_03700","419.5498208302485"
"36_03805","42_03700","416.32361065396685"
"36_03806","42_03700","415.1260313713469"
"36_03807","42_03700","411.6692612904303"
"36_03808","42_03700","413.10038617121364"
"36_03809","42_03700","410.80365655561695"
"36_03810","42_03700","408.4727891831355"
"36_03801","42_03800","541.285647938926"
"36_03802","42_03800","537.2270324789146"
"36_03803","42_03800","538.3423891262171"
"36_03804","42_03800","538.7486227319207"
"36_03805","42_03800","535.7679196834873"
"36_03806","42_03800","534.3611738927492"
"36_03807","42_03800","531.2431236333925"
"36_03808","42_03800","532.829237647774"
"36_03809","42_03800","530.833525747374"
"36_03810","42_03800","528.476385446992"
"36_03801","42_03900","650.9165007776209"
"36_03802","42_03900","646.9937139679537"
"36_03803","42_03900","648.1287667274643"
"36_03804","42_03900","648.6090966293376"
"36_03805","42_03900","645.6992211149827"
"36_03806","42_03900","644.2380083534882"
"36_03807","42_03900","641.2151483101266"
"36_03808","42_03900","642.8397764239569"
"36_03809","42_03900","640.9239654556842"
"36_03810","42_03900","638.5631020148377"
"36_03801","42_04000","711.8455520829135"
"36_03802","42_04000","708.1616733441872"
"36_03803","42_04000","709.329393668832"
"36_03804","42_04000","709.9411335737086"
"36_03805","42_04000","707.1657028213045"
"36_03806","42_04000","705.6067153441118"
"36_03807","42_04000","702.7649287646964"
"36_03808","42_04000","704.4604024262205"
"36_03809","42_04000","702.703928433828"
"36_03810","42_04000","700.339169188096"
"36_03801","44_00100","301.88590269927505"
"36_03802","44_00100","307.2125052841951"
"36_03803","44_00100","306.3812140636858"
"36_03804","44_00100","306.90048995006225"
"36_03805","44_00100","310.63750241499986"
"36_03806","44_00100","311.25045995225105"
"36_03807","44_00100","315.44808262421475"
"36_03808","44_00100","314.5086709859747"
"36_03809","44_00100","317.5895583384917"
"36_03810","44_00100","319.72684959873385"
"36_03801","44_00201","286.7402221112171"
"36_03802","44_00201","291.7356929110129"
"36_03803","44_00201","290.81589597076896"
"36_03804","44_00201","291.08665283509504"
"36_03805","44_00201","294.66556362850895"
"36_03806","44_00201","295.4909954150668"
"36_03807","44_00201","299.4555472349245"
"36_03808","44_00201","298.3476249000581"
"36_03809","44_00201","301.2085823412529"
"36_03810","44_00201","303.4207419350467"
"36_03801","44_00300","317.9643902129447"
"36_03802","44_00300","322.5867758304722"
"36_03803","44_00300","321.58312019188384"
"36_03804","44_00300","321.5935376759849"
"36_03805","44_00300","324.97798316420256"
"36_03806","44_00300","326.0210328900205"
"36_03807","44_00300","329.70976190226725"
"36_03808","44_00300","328.4296867896018"
"36_03809","44_00300","331.03007606040035"
"36_03810","44_00300","333.3074883046075"
"36_03801","44_00400","272.4835826433013"
"36_03802","44_00400","277.0767504910992"
"36_03803","44_00400","276.0684628637661"
"36_03804","44_00400","276.06674655434307"
"36_03805","44_00400","279.44471041955"
"36_03806","44_00400","280.4944366971375"
"36_03807","44_00400","284.1748022410775"
"36_03808","44_00400","282.8923690861225"
"36_03809","44_00400","285.4926395030036"
"36_03810","44_00400","287.76970414150657"
"36_03801","50_00100","589.8484117593712"
"36_03802","50_00100","596.0256665379533"
"36_03803","50_00100","596.2957899962479"
"36_03804","50_00100","598.8200892350301"
"36_03805","50_00100","602.574928869324"
"36_03806","50_00100","601.059918750137"
"36_03807","50_00100","605.8110600463112"
"36_03808","50_00100","606.733339064671"
"36_03809","50_00100","610.7053437708728"
"36_03810","50_00100","611.4062793948096"
"36_03801","50_00200","595.080083300563"
"36_03802","50_00200","601.449927598097"
"36_03803","50_00200","601.5207633259737"
"36_03804","50_00200","603.7964114729346"
"36_03805","50_00200","607.7567125558569"
"36_03806","50_00200","606.5735776965827"
"36_03807","50_00200","611.4778389521124"
"36_03808","50_00200","612.0858504148018"
"36_03809","50_00200","616.0956532397341"
"36_03810","50_00200","617.1152653354659"
"36_03801","50_00300","426.8670548673842"
"36_03802","50_00300","433.26592934526747"
"36_03803","50_00300","433.2798704902856"
"36_03804","50_00300","435.4778538702258"
"36_03805","50_00300","439.4795708850857"
"36_03806","50_00300","438.3946043706705"
"36_03807","50_00300","443.323461556542"
"36_03808","50_00300","443.83974766372137"
"36_03809","50_00300","447.84500034039286"
"36_03810","50_00300","448.9509866259866"
"36_03801","50_00400","420.24962453577115"
"36_03802","50_00400","426.5139493611857"
"36_03803","50_00400","426.7112362958438"
"36_03804","50_00400","429.15188562628975"
"36_03805","50_00400","432.9904912963112"
"36_03806","50_00400","431.59449491159006"
"36_03807","50_00400","436.4154896769801"
"36_03808","50_00400","437.22208731183593"
"36_03809","50_00400","441.217946006322"
"36_03810","50_00400","442.0407541946007"
