,YEAR,TransMode,Hour,Educ_College_1Year,Educ_College_2Year,Educ_College_4Year,Educ_College_5PlusYears,Educ_Grade0_4,Educ_Grade10,Educ_Grade11,Educ_Grade9,Educ_Grades12,Educ_Grades5_8,Educ_N/A_NoSchool
0,2017,AutoOccupants,0,191.0,161.0,18.0,176.0,0.0,0.0,0.0,0.0,610.0,0.0,0.0
1,2017,AutoOccupants,1,0.0,0.0,120.0,0.0,0.0,103.0,0.0,0.0,165.0,0.0,0.0
2,2017,AutoOccupants,2,1015.0,254.0,570.0,25.0,0.0,82.0,0.0,0.0,124.0,71.0,339.0
3,2017,AutoOccupants,3,563.0,836.0,178.0,0.0,0.0,0.0,0.0,784.0,766.0,0.0,0.0
4,2017,AutoOccupants,4,308.0,63.0,1331.0,256.0,59.0,365.0,188.0,0.0,1804.0,230.0,0.0
5,2017,AutoOccupants,5,2193.0,1753.0,4038.0,974.0,0.0,220.0,587.0,456.0,7495.0,97.0,200.0
6,2017,AutoOccupants,6,6624.0,3920.0,11567.0,6692.0,271.0,48.0,126.0,920.0,14134.0,1053.0,39.0
7,2017,AutoOccupants,7,7843.0,5220.0,19445.0,15562.0,220.0,341.0,685.0,150.0,19623.0,786.0,623.0
8,2017,AutoOccupants,8,6733.0,5444.0,22365.0,19214.0,56.0,188.0,77.0,98.0,14040.0,985.0,576.0
9,2017,AutoOccupants,9,4326.0,3440.0,15845.0,13008.0,0.0,219.0,166.0,525.0,8843.0,0.0,284.0
10,2017,AutoOccupants,10,2307.0,1634.0,7121.0,5501.0,0.0,0.0,0.0,0.0,3783.0,186.0,116.0
11,2017,AutoOccupants,11,739.0,643.0,2540.0,1925.0,46.0,0.0,0.0,65.0,1181.0,0.0,260.0
12,2017,AutoOccupants,12,341.0,1070.0,1632.0,1418.0,0.0,151.0,0.0,0.0,876.0,102.0,0.0
13,2017,AutoOccupants,13,436.0,568.0,1920.0,1185.0,0.0,0.0,0.0,0.0,904.0,0.0,98.0
14,2017,AutoOccupants,14,1286.0,490.0,1501.0,357.0,0.0,0.0,55.0,287.0,1375.0,0.0,0.0
15,2017,AutoOccupants,15,845.0,1231.0,1762.0,389.0,0.0,0.0,0.0,0.0,1141.0,0.0,93.0
16,2017,AutoOccupants,16,1174.0,212.0,1375.0,540.0,0.0,32.0,0.0,0.0,1340.0,336.0,0.0
17,2017,AutoOccupants,17,608.0,99.0,1147.0,252.0,0.0,0.0,0.0,0.0,1831.0,231.0,247.0
18,2017,AutoOccupants,18,167.0,140.0,1985.0,521.0,0.0,226.0,72.0,0.0,675.0,201.0,62.0
19,2017,AutoOccupants,19,708.0,276.0,1213.0,212.0,0.0,0.0,0.0,0.0,1148.0,0.0,0.0
20,2017,AutoOccupants,20,112.0,156.0,632.0,363.0,0.0,0.0,0.0,0.0,217.0,0.0,0.0
21,2017,AutoOccupants,21,128.0,0.0,364.0,287.0,0.0,0.0,0.0,0.0,1469.0,209.0,0.0
22,2017,AutoOccupants,22,1513.0,604.0,1676.0,270.0,0.0,0.0,0.0,0.0,881.0,0.0,0.0
23,2017,AutoOccupants,23,296.0,560.0,491.0,61.0,0.0,98.0,0.0,65.0,3150.0,0.0,0.0
24,2017,Bicycle,4,104.0,0.0,0.0,714.0,0.0,0.0,0.0,0.0,0.0,0.0,0.0
25,2017,Bicycle,5,0.0,249.0,33.0,0.0,0.0,0.0,0.0,0.0,0.0,0.0,0.0
26,2017,Bicycle,6,110.0,0.0,819.0,601.0,0.0,0.0,0.0,0.0,88.0,0.0,0.0
27,2017,Bicycle,7,376.0,71.0,857.0,1387.0,0.0,139.0,0.0,0.0,368.0,0.0,0.0
28,2017,Bicycle,8,92.0,0.0,4100.0,4429.0,90.0,0.0,0.0,0.0,673.0,52.0,0.0
29,2017,Bicycle,9,630.0,109.0,3035.0,3629.0,0.0,162.0,0.0,0.0,0.0,0.0,0.0
30,2017,Bicycle,10,850.0,0.0,717.0,349.0,0.0,0.0,0.0,0.0,55.0,0.0,0.0
31,2017,Bicycle,11,141.0,0.0,0.0,174.0,0.0,0.0,0.0,0.0,0.0,0.0,0.0
32,2017,Bicycle,12,0.0,0.0,437.0,52.0,0.0,0.0,0.0,0.0,0.0,0.0,0.0
33,2017,Bicycle,13,0.0,0.0,0.0,0.0,0.0,0.0,0.0,0.0,40.0,0.0,0.0
34,2017,Bicycle,14,0.0,0.0,327.0,0.0,0.0,0.0,0.0,0.0,90.0,0.0,0.0
35,2017,Bicycle,15,0.0,0.0,164.0,56.0,0.0,0.0,0.0,0.0,294.0,0.0,0.0
36,2017,Bicycle,16,0.0,0.0,113.0,0.0,0.0,0.0,0.0,0.0,0.0,0.0,0.0
37,2017,Bicycle,17,98.0,80.0,118.0,79.0,0.0,0.0,0.0,0.0,0.0,0.0,0.0
38,2017,Bicycle,18,206.0,0.0,246.0,0.0,0.0,0.0,0.0,0.0,37.0,0.0,0.0
39,2017,Bicycle,19,0.0,0.0,0.0,0.0,0.0,0.0,0.0,0.0,136.0,0.0,83.0
40,2017,Bicycle,20,0.0,0.0,91.0,0.0,0.0,0.0,0.0,0.0,0.0,0.0,0.0
41,2017,Bus,0,0.0,251.0,866.0,0.0,0.0,0.0,0.0,0.0,304.0,0.0,0.0
42,2017,Bus,1,0.0,75.0,96.0,70.0,0.0,0.0,0.0,0.0,192.0,0.0,0.0
43,2017,Bus,2,64.0,370.0,0.0,66.0,0.0,0.0,0.0,0.0,610.0,0.0,0.0
44,2017,Bus,3,0.0,0.0,0.0,152.0,0.0,0.0,0.0,0.0,0.0,0.0,0.0
45,2017,Bus,4,0.0,220.0,228.0,0.0,0.0,0.0,107.0,0.0,575.0,0.0,79.0
46,2017,Bus,5,1260.0,443.0,666.0,468.0,181.0,0.0,191.0,0.0,1613.0,59.0,0.0
47,2017,Bus,6,4012.0,2933.0,5984.0,4851.0,184.0,0.0,57.0,175.0,9224.0,716.0,222.0
48,2017,Bus,7,6619.0,4754.0,19102.0,13398.0,74.0,804.0,835.0,696.0,12045.0,1284.0,757.0
49,2017,Bus,8,8352.0,6468.0,35142.0,20056.0,300.0,183.0,889.0,359.0,16258.0,1129.0,575.0
50,2017,Bus,9,3770.0,3777.0,20337.0,13824.0,100.0,335.0,600.0,546.0,8683.0,632.0,178.0
51,2017,Bus,10,1336.0,1187.0,5258.0,1728.0,0.0,0.0,111.0,322.0,3941.0,369.0,270.0
52,2017,Bus,11,499.0,117.0,449.0,455.0,140.0,0.0,122.0,48.0,1344.0,97.0,0.0
53,2017,Bus,12,355.0,360.0,778.0,427.0,0.0,0.0,159.0,0.0,920.0,769.0,77.0
54,2017,Bus,13,537.0,236.0,80.0,259.0,0.0,0.0,87.0,0.0,971.0,0.0,95.0
55,2017,Bus,14,948.0,351.0,543.0,291.0,0.0,113.0,115.0,0.0,1395.0,0.0,254.0
56,2017,Bus,15,144.0,132.0,1792.0,188.0,283.0,0.0,69.0,145.0,995.0,178.0,353.0
57,2017,Bus,16,0.0,159.0,348.0,429.0,0.0,0.0,0.0,0.0,1735.0,0.0,0.0
58,2017,Bus,17,99.0,0.0,0.0,92.0,0.0,0.0,0.0,0.0,307.0,97.0,0.0
59,2017,Bus,18,37.0,61.0,391.0,134.0,0.0,0.0,0.0,0.0,929.0,0.0,0.0
60,2017,Bus,19,0.0,0.0,496.0,567.0,0.0,0.0,0.0,0.0,172.0,0.0,0.0
61,2017,Bus,20,0.0,54.0,355.0,115.0,0.0,67.0,0.0,0.0,282.0,0.0,0.0
62,2017,Bus,21,0.0,0.0,0.0,220.0,0.0,0.0,0.0,0.0,144.0,0.0,0.0
63,2017,Bus,22,365.0,0.0,652.0,0.0,0.0,0.0,0.0,149.0,131.0,177.0,0.0
64,2017,Bus,23,0.0,174.0,202.0,0.0,0.0,0.0,0.0,0.0,906.0,0.0,0.0
65,2017,CommuterRail,1,0.0,74.0,162.0,0.0,0.0,0.0,0.0,0.0,0.0,0.0,0.0
66,2017,CommuterRail,2,159.0,0.0,100.0,69.0,0.0,0.0,0.0,0.0,165.0,0.0,0.0
67,2017,CommuterRail,3,162.0,0.0,40.0,0.0,0.0,0.0,174.0,0.0,0.0,0.0,0.0
68,2017,CommuterRail,4,189.0,0.0,0.0,0.0,0.0,0.0,0.0,0.0,114.0,166.0,0.0
69,2017,CommuterRail,5,194.0,1079.0,1297.0,551.0,0.0,0.0,0.0,0.0,1541.0,0.0,0.0
70,2017,CommuterRail,6,1965.0,2011.0,8114.0,6279.0,0.0,0.0,0.0,0.0,4411.0,392.0,0.0
71,2017,CommuterRail,7,4760.0,3553.0,28708.0,19352.0,713.0,390.0,0.0,55.0,8739.0,356.0,339.0
72,2017,CommuterRail,8,5573.0,4527.0,58288.0,45347.0,0.0,860.0,472.0,147.0,8970.0,725.0,305.0
73,2017,CommuterRail,9,3632.0,2576.0,30583.0,22183.0,76.0,302.0,138.0,96.0,5798.0,281.0,316.0
74,2017,CommuterRail,10,1402.0,338.0,6694.0,3951.0,52.0,0.0,0.0,0.0,966.0,47.0,0.0
75,2017,CommuterRail,11,534.0,86.0,1033.0,509.0,0.0,0.0,0.0,0.0,420.0,0.0,0.0
76,2017,CommuterRail,12,114.0,237.0,96.0,212.0,0.0,0.0,0.0,0.0,370.0,178.0,0.0
77,2017,CommuterRail,13,238.0,166.0,381.0,0.0,0.0,0.0,0.0,0.0,131.0,215.0,0.0
78,2017,CommuterRail,14,280.0,0.0,0.0,399.0,0.0,68.0,0.0,0.0,532.0,0.0,0.0
79,2017,CommuterRail,15,223.0,211.0,460.0,339.0,0.0,0.0,46.0,0.0,959.0,0.0,0.0
80,2017,CommuterRail,16,173.0,117.0,416.0,445.0,0.0,0.0,105.0,0.0,396.0,0.0,0.0
81,2017,CommuterRail,17,100.0,0.0,113.0,73.0,0.0,0.0,62.0,0.0,935.0,123.0,0.0
82,2017,CommuterRail,18,0.0,0.0,803.0,444.0,0.0,0.0,0.0,0.0,70.0,0.0,0.0
83,2017,CommuterRail,19,0.0,0.0,752.0,150.0,0.0,0.0,0.0,0.0,158.0,0.0,0.0
84,2017,CommuterRail,20,114.0,64.0,412.0,72.0,0.0,0.0,0.0,0.0,96.0,0.0,0.0
85,2017,CommuterRail,21,121.0,273.0,375.0,0.0,0.0,0.0,0.0,0.0,194.0,0.0,0.0
86,2017,CommuterRail,22,49.0,74.0,126.0,114.0,0.0,0.0,0.0,0.0,165.0,181.0,0.0
87,2017,CommuterRail,23,189.0,0.0,0.0,24.0,0.0,0.0,0.0,0.0,309.0,35.0,0.0
88,2017,Ferry,5,0.0,0.0,59.0,0.0,0.0,0.0,0.0,0.0,38.0,0.0,0.0
89,2017,Ferry,6,268.0,0.0,45.0,95.0,0.0,0.0,0.0,0.0,339.0,0.0,0.0
90,2017,Ferry,7,108.0,109.0,1295.0,879.0,0.0,0.0,0.0,0.0,328.0,0.0,0.0
91,2017,Ferry,8,1171.0,235.0,3608.0,2362.0,0.0,0.0,0.0,0.0,574.0,285.0,0.0
92,2017,Ferry,9,765.0,35.0,2338.0,1975.0,0.0,0.0,0.0,0.0,247.0,0.0,0.0
93,2017,Ferry,10,0.0,0.0,192.0,244.0,0.0,0.0,0.0,0.0,0.0,0.0,0.0
94,2017,Ferry,11,0.0,0.0,0.0,57.0,0.0,0.0,0.0,0.0,0.0,0.0,0.0
95,2017,Ferry,15,88.0,0.0,0.0,0.0,0.0,0.0,0.0,0.0,47.0,0.0,0.0
96,2017,Ferry,16,0.0,0.0,0.0,0.0,0.0,0.0,0.0,0.0,0.0,228.0,0.0
97,2017,Ferry,17,0.0,38.0,0.0,0.0,0.0,0.0,0.0,0.0,0.0,0.0,0.0
98,2017,Ferry,18,0.0,0.0,53.0,92.0,0.0,0.0,0.0,0.0,0.0,0.0,0.0
99,2017,Ferry,22,0.0,0.0,76.0,0.0,0.0,0.0,0.0,0.0,0.0,0.0,0.0
100,2017,Other,0,0.0,0.0,0.0,0.0,188.0,0.0,0.0,0.0,0.0,0.0,0.0
101,2017,Other,1,0.0,250.0,0.0,0.0,0.0,0.0,0.0,0.0,0.0,0.0,0.0
102,2017,Other,2,0.0,0.0,0.0,61.0,0.0,0.0,0.0,0.0,0.0,0.0,0.0
103,2017,Other,5,0.0,0.0,0.0,42.0,0.0,0.0,0.0,0.0,72.0,0.0,0.0
104,2017,Other,6,0.0,136.0,0.0,207.0,0.0,0.0,0.0,0.0,235.0,0.0,0.0
105,2017,Other,7,315.0,0.0,613.0,75.0,0.0,0.0,0.0,0.0,349.0,0.0,317.0
106,2017,Other,8,114.0,0.0,1253.0,2179.0,0.0,0.0,0.0,0.0,191.0,159.0,0.0
107,2017,Other,9,317.0,191.0,321.0,514.0,0.0,0.0,167.0,0.0,260.0,0.0,0.0
108,2017,Other,10,0.0,0.0,441.0,0.0,0.0,0.0,0.0,0.0,121.0,0.0,0.0
109,2017,Other,11,0.0,0.0,0.0,0.0,0.0,0.0,0.0,0.0,37.0,0.0,71.0
110,2017,Other,13,0.0,25.0,0.0,0.0,0.0,0.0,0.0,0.0,91.0,0.0,0.0
111,2017,Other,14,56.0,0.0,0.0,0.0,0.0,0.0,0.0,0.0,100.0,0.0,0.0
112,2017,Other,15,0.0,0.0,0.0,0.0,0.0,0.0,0.0,0.0,90.0,0.0,0.0
113,2017,Other,16,0.0,0.0,0.0,104.0,0.0,0.0,0.0,0.0,0.0,0.0,0.0
114,2017,Other,17,66.0,0.0,96.0,292.0,0.0,0.0,0.0,0.0,0.0,0.0,0.0
115,2017,Other,21,0.0,0.0,0.0,0.0,0.0,0.0,0.0,0.0,163.0,0.0,0.0
116,2017,Other,22,0.0,0.0,0.0,0.0,0.0,0.0,0.0,0.0,82.0,0.0,0.0
117,2017,Subway,0,759.0,116.0,253.0,307.0,148.0,0.0,233.0,200.0,999.0,271.0,50.0
118,2017,Subway,1,0.0,121.0,356.0,335.0,0.0,0.0,158.0,0.0,476.0,0.0,178.0
119,2017,Subway,2,308.0,129.0,618.0,171.0,0.0,70.0,0.0,0.0,1489.0,161.0,0.0
120,2017,Subway,3,476.0,117.0,268.0,192.0,84.0,0.0,80.0,107.0,470.0,0.0,101.0
121,2017,Subway,4,1536.0,239.0,969.0,538.0,0.0,0.0,0.0,0.0,3205.0,261.0,164.0
122,2017,Subway,5,3844.0,1683.0,4247.0,1168.0,266.0,530.0,1071.0,827.0,7278.0,1144.0,592.0
123,2017,Subway,6,10247.0,5587.0,21395.0,8553.0,1003.0,907.0,1745.0,1031.0,22203.0,2531.0,1328.0
124,2017,Subway,7,21910.0,16164.0,57638.0,37415.0,670.0,3138.0,2437.0,2802.0,52852.0,7747.0,2089.0
125,2017,Subway,8,31134.0,23278.0,169825.0,118009.0,1610.0,3066.0,2499.0,3256.0,72901.0,7114.0,2827.0
126,2017,Subway,9,27323.0,15543.0,142841.0,90244.0,774.0,2008.0,2166.0,1821.0,50633.0,4736.0,1368.0
127,2017,Subway,10,9509.0,5250.0,33143.0,25299.0,143.0,163.0,1436.0,766.0,18647.0,1106.0,858.0
128,2017,Subway,11,3640.0,2677.0,7911.0,4453.0,65.0,0.0,275.0,808.0,7723.0,634.0,103.0
129,2017,Subway,12,1598.0,1192.0,5834.0,2169.0,218.0,0.0,211.0,0.0,6080.0,1021.0,378.0
130,2017,Subway,13,1854.0,888.0,3300.0,283.0,0.0,278.0,244.0,0.0,4912.0,332.0,661.0
131,2017,Subway,14,3986.0,1343.0,5794.0,3010.0,282.0,515.0,717.0,338.0,8640.0,757.0,393.0
132,2017,Subway,15,4929.0,2835.0,5426.0,1263.0,0.0,295.0,593.0,441.0,10785.0,1206.0,396.0
133,2017,Subway,16,3751.0,745.0,5617.0,1466.0,248.0,248.0,290.0,234.0,6118.0,986.0,284.0
134,2017,Subway,17,1634.0,1167.0,2805.0,922.0,0.0,220.0,0.0,178.0,5896.0,533.0,0.0
135,2017,Subway,18,1696.0,389.0,4534.0,2405.0,219.0,83.0,186.0,0.0,2374.0,190.0,0.0
136,2017,Subway,19,278.0,304.0,3981.0,1082.0,0.0,0.0,111.0,185.0,2443.0,671.0,75.0
137,2017,Subway,20,770.0,73.0,1061.0,1412.0,0.0,0.0,0.0,0.0,1105.0,0.0,0.0
138,2017,Subway,21,1779.0,652.0,662.0,767.0,0.0,60.0,98.0,26.0,1544.0,0.0,109.0
139,2017,Subway,22,842.0,65.0,1008.0,47.0,0.0,0.0,0.0,0.0,1586.0,100.0,0.0
140,2017,Subway,23,2366.0,319.0,760.0,344.0,0.0,0.0,114.0,0.0,3142.0,0.0,35.0
141,2017,WFH,0,5273.0,1577.0,25595.0,23072.0,0.0,0.0,902.0,1142.0,6346.0,382.0,98.0
142,2017,Walk,0,0.0,0.0,0.0,0.0,0.0,0.0,0.0,0.0,295.0,0.0,0.0
143,2017,Walk,2,0.0,0.0,0.0,0.0,0.0,0.0,0.0,0.0,0.0,103.0,0.0
144,2017,Walk,4,0.0,0.0,544.0,0.0,0.0,0.0,0.0,0.0,115.0,0.0,0.0
145,2017,Walk,5,396.0,0.0,820.0,1163.0,0.0,0.0,0.0,0.0,586.0,0.0,0.0
146,2017,Walk,6,178.0,0.0,2258.0,3213.0,0.0,0.0,326.0,193.0,849.0,78.0,208.0
147,2017,Walk,7,518.0,470.0,9211.0,7823.0,0.0,408.0,618.0,139.0,2719.0,423.0,167.0
148,2017,Walk,8,3336.0,1857.0,28600.0,21578.0,106.0,593.0,0.0,908.0,4557.0,609.0,146.0
149,2017,Walk,9,2536.0,1020.0,18808.0,14634.0,69.0,0.0,77.0,1236.0,2625.0,1340.0,0.0
150,2017,Walk,10,1422.0,242.0,5217.0,5157.0,0.0,0.0,88.0,1331.0,2412.0,1362.0,0.0
151,2017,Walk,11,324.0,0.0,756.0,1005.0,0.0,0.0,235.0,0.0,1000.0,0.0,484.0
152,2017,Walk,12,293.0,150.0,129.0,532.0,0.0,140.0,419.0,0.0,486.0,0.0,0.0
153,2017,Walk,13,0.0,0.0,573.0,109.0,0.0,0.0,0.0,0.0,671.0,0.0,0.0
154,2017,Walk,14,253.0,1135.0,282.0,80.0,0.0,0.0,259.0,0.0,1535.0,0.0,0.0
155,2017,Walk,15,118.0,0.0,744.0,942.0,0.0,0.0,473.0,0.0,499.0,145.0,97.0
156,2017,Walk,16,332.0,0.0,851.0,122.0,0.0,0.0,0.0,0.0,715.0,0.0,0.0
157,2017,Walk,17,70.0,0.0,127.0,294.0,0.0,0.0,78.0,0.0,530.0,0.0,0.0
158,2017,Walk,18,0.0,0.0,223.0,178.0,0.0,0.0,0.0,0.0,0.0,0.0,0.0
159,2017,Walk,19,0.0,0.0,341.0,463.0,0.0,0.0,0.0,0.0,0.0,0.0,0.0
160,2017,Walk,20,0.0,0.0,0.0,600.0,0.0,0.0,0.0,0.0,132.0,0.0,0.0
161,2017,Walk,21,0.0,0.0,0.0,0.0,0.0,0.0,0.0,0.0,291.0,0.0,0.0
162,2017,Walk,22,339.0,0.0,245.0,346.0,0.0,0.0,0.0,0.0,0.0,0.0,0.0
163,2017,Walk,23,0.0,0.0,468.0,0.0,0.0,0.0,0.0,0.0,768.0,0.0,0.0
164,2018,AutoOccupants,0,0.0,0.0,98.0,98.0,0.0,0.0,0.0,0.0,327.0,0.0,0.0
165,2018,AutoOccupants,1,332.0,65.0,640.0,0.0,0.0,0.0,0.0,0.0,165.0,0.0,0.0
166,2018,AutoOccupants,2,0.0,0.0,493.0,120.0,0.0,0.0,0.0,0.0,414.0,99.0,0.0
167,2018,AutoOccupants,3,228.0,318.0,456.0,0.0,0.0,0.0,0.0,0.0,555.0,0.0,29.0
168,2018,AutoOccupants,4,405.0,730.0,1862.0,84.0,0.0,0.0,0.0,0.0,1986.0,328.0,0.0
169,2018,AutoOccupants,5,2902.0,2127.0,3085.0,1215.0,0.0,326.0,0.0,265.0,6192.0,0.0,447.0
170,2018,AutoOccupants,6,7109.0,5314.0,11847.0,7722.0,803.0,583.0,259.0,621.0,12805.0,1022.0,370.0
171,2018,AutoOccupants,7,9734.0,4962.0,21605.0,17139.0,105.0,314.0,1265.0,0.0,15684.0,1191.0,554.0
172,2018,AutoOccupants,8,7789.0,4949.0,27485.0,19499.0,274.0,96.0,697.0,725.0,13043.0,622.0,858.0
173,2018,AutoOccupants,9,6065.0,1942.0,16203.0,14679.0,0.0,82.0,1499.0,238.0,7785.0,135.0,43.0
174,2018,AutoOccupants,10,2630.0,1498.0,6714.0,4505.0,0.0,620.0,138.0,156.0,5638.0,0.0,227.0
175,2018,AutoOccupants,11,1123.0,1034.0,2528.0,1356.0,0.0,113.0,198.0,43.0,997.0,0.0,76.0
176,2018,AutoOccupants,12,520.0,203.0,954.0,445.0,0.0,0.0,0.0,0.0,1297.0,0.0,0.0
177,2018,AutoOccupants,13,638.0,507.0,1361.0,406.0,0.0,0.0,0.0,0.0,522.0,110.0,0.0
178,2018,AutoOccupants,14,1503.0,1535.0,1622.0,389.0,0.0,0.0,223.0,0.0,1545.0,41.0,0.0
179,2018,AutoOccupants,15,598.0,509.0,402.0,610.0,0.0,108.0,203.0,0.0,785.0,209.0,0.0
180,2018,AutoOccupants,16,908.0,90.0,571.0,477.0,0.0,58.0,0.0,0.0,1333.0,0.0,58.0
181,2018,AutoOccupants,17,492.0,385.0,1546.0,372.0,0.0,0.0,0.0,0.0,1456.0,0.0,0.0
182,2018,AutoOccupants,18,809.0,343.0,2105.0,1170.0,0.0,95.0,0.0,63.0,510.0,0.0,135.0
183,2018,AutoOccupants,19,522.0,689.0,1656.0,1255.0,0.0,0.0,0.0,0.0,527.0,0.0,74.0
184,2018,AutoOccupants,20,0.0,86.0,1019.0,377.0,89.0,0.0,0.0,0.0,1366.0,0.0,0.0
185,2018,AutoOccupants,21,408.0,368.0,385.0,79.0,0.0,0.0,0.0,0.0,450.0,137.0,0.0
186,2018,AutoOccupants,22,503.0,491.0,630.0,597.0,102.0,159.0,0.0,0.0,1057.0,0.0,74.0
187,2018,AutoOccupants,23,401.0,732.0,600.0,426.0,0.0,0.0,0.0,0.0,1046.0,0.0,67.0
188,2018,Bicycle,0,0.0,0.0,0.0,0.0,0.0,0.0,0.0,669.0,0.0,0.0,0.0
189,2018,Bicycle,5,0.0,0.0,0.0,283.0,0.0,0.0,0.0,0.0,0.0,0.0,0.0
190,2018,Bicycle,6,299.0,0.0,178.0,457.0,0.0,0.0,0.0,0.0,784.0,0.0,0.0
191,2018,Bicycle,7,324.0,0.0,467.0,1429.0,0.0,0.0,0.0,0.0,0.0,78.0,0.0
192,2018,Bicycle,8,228.0,17.0,3019.0,4802.0,0.0,0.0,0.0,188.0,858.0,384.0,0.0
193,2018,Bicycle,9,789.0,157.0,3942.0,2796.0,0.0,0.0,0.0,0.0,463.0,0.0,0.0
194,2018,Bicycle,10,0.0,0.0,1011.0,534.0,0.0,0.0,0.0,0.0,0.0,402.0,0.0
195,2018,Bicycle,11,283.0,0.0,90.0,162.0,0.0,0.0,0.0,0.0,432.0,0.0,0.0
196,2018,Bicycle,12,82.0,0.0,0.0,199.0,0.0,0.0,0.0,0.0,131.0,0.0,0.0
197,2018,Bicycle,13,154.0,0.0,67.0,0.0,0.0,0.0,0.0,0.0,135.0,0.0,0.0
198,2018,Bicycle,14,0.0,0.0,414.0,0.0,0.0,0.0,0.0,0.0,0.0,0.0,0.0
199,2018,Bicycle,15,119.0,183.0,105.0,0.0,0.0,0.0,0.0,0.0,0.0,0.0,0.0
200,2018,Bicycle,16,0.0,0.0,0.0,0.0,0.0,0.0,0.0,0.0,227.0,0.0,0.0
201,2018,Bicycle,17,77.0,0.0,0.0,100.0,0.0,0.0,0.0,0.0,71.0,0.0,0.0
202,2018,Bicycle,18,106.0,0.0,128.0,0.0,0.0,0.0,0.0,0.0,0.0,0.0,0.0
203,2018,Bicycle,19,0.0,0.0,0.0,125.0,0.0,0.0,0.0,0.0,0.0,0.0,0.0
204,2018,Bicycle,21,0.0,80.0,0.0,0.0,0.0,0.0,0.0,0.0,0.0,0.0,0.0
205,2018,Bus,0,0.0,0.0,0.0,0.0,0.0,0.0,0.0,0.0,109.0,0.0,0.0
206,2018,Bus,1,0.0,0.0,0.0,0.0,0.0,0.0,0.0,0.0,141.0,0.0,0.0
207,2018,Bus,2,0.0,143.0,181.0,0.0,0.0,0.0,0.0,0.0,195.0,0.0,62.0
208,2018,Bus,3,190.0,52.0,256.0,0.0,0.0,0.0,214.0,0.0,63.0,0.0,0.0
209,2018,Bus,4,306.0,275.0,380.0,161.0,0.0,0.0,0.0,64.0,315.0,0.0,0.0
210,2018,Bus,5,1137.0,228.0,1737.0,553.0,0.0,149.0,157.0,0.0,2371.0,0.0,67.0
211,2018,Bus,6,3148.0,2129.0,7569.0,3063.0,0.0,51.0,710.0,325.0,8204.0,968.0,277.0
212,2018,Bus,7,4397.0,3894.0,16849.0,12679.0,95.0,393.0,470.0,863.0,13256.0,988.0,1171.0
213,2018,Bus,8,10030.0,4208.0,29070.0,20295.0,483.0,638.0,0.0,574.0,17160.0,817.0,778.0
214,2018,Bus,9,4980.0,1888.0,22317.0,13134.0,69.0,347.0,284.0,441.0,10515.0,494.0,576.0
215,2018,Bus,10,1585.0,255.0,5652.0,3090.0,0.0,112.0,235.0,330.0,2745.0,973.0,384.0
216,2018,Bus,11,986.0,243.0,2261.0,1478.0,0.0,0.0,0.0,220.0,691.0,0.0,0.0
217,2018,Bus,12,764.0,198.0,304.0,233.0,0.0,49.0,0.0,152.0,1496.0,168.0,80.0
218,2018,Bus,13,267.0,0.0,681.0,136.0,0.0,0.0,0.0,0.0,591.0,0.0,71.0
219,2018,Bus,14,135.0,688.0,360.0,286.0,0.0,0.0,0.0,0.0,625.0,0.0,0.0
220,2018,Bus,15,742.0,166.0,1697.0,21.0,0.0,0.0,0.0,0.0,1396.0,212.0,194.0
221,2018,Bus,16,656.0,271.0,1187.0,84.0,0.0,268.0,0.0,0.0,1607.0,0.0,0.0
222,2018,Bus,17,462.0,0.0,186.0,141.0,0.0,0.0,0.0,0.0,763.0,0.0,79.0
223,2018,Bus,18,89.0,0.0,1221.0,232.0,0.0,0.0,0.0,0.0,441.0,216.0,0.0
224,2018,Bus,19,214.0,252.0,237.0,165.0,0.0,0.0,0.0,0.0,101.0,0.0,0.0
225,2018,Bus,20,0.0,0.0,194.0,155.0,0.0,0.0,0.0,0.0,1045.0,0.0,0.0
226,2018,Bus,21,80.0,513.0,145.0,41.0,0.0,0.0,0.0,0.0,241.0,0.0,0.0
227,2018,Bus,22,0.0,117.0,226.0,26.0,0.0,0.0,0.0,0.0,366.0,0.0,155.0
228,2018,Bus,23,99.0,0.0,373.0,0.0,0.0,148.0,105.0,0.0,176.0,0.0,0.0
229,2018,CommuterRail,0,0.0,0.0,56.0,0.0,0.0,0.0,0.0,0.0,178.0,0.0,0.0
230,2018,CommuterRail,1,0.0,61.0,212.0,0.0,0.0,0.0,0.0,0.0,404.0,0.0,0.0
231,2018,CommuterRail,2,55.0,0.0,0.0,237.0,0.0,0.0,0.0,0.0,0.0,82.0,0.0
232,2018,CommuterRail,3,0.0,87.0,73.0,0.0,0.0,0.0,0.0,0.0,0.0,0.0,0.0
233,2018,CommuterRail,4,0.0,84.0,53.0,0.0,0.0,0.0,0.0,0.0,201.0,0.0,0.0
234,2018,CommuterRail,5,673.0,437.0,1556.0,486.0,0.0,0.0,0.0,0.0,1153.0,0.0,138.0
235,2018,CommuterRail,6,1635.0,1738.0,7735.0,3446.0,0.0,0.0,185.0,208.0,5136.0,466.0,134.0
236,2018,CommuterRail,7,3226.0,3363.0,24437.0,21636.0,0.0,190.0,1058.0,207.0,8848.0,585.0,330.0
237,2018,CommuterRail,8,9988.0,5711.0,60997.0,45378.0,380.0,227.0,422.0,374.0,10694.0,584.0,468.0
238,2018,CommuterRail,9,5121.0,2213.0,31747.0,26350.0,0.0,0.0,60.0,163.0,4998.0,301.0,181.0
239,2018,CommuterRail,10,1641.0,766.0,7542.0,4323.0,0.0,0.0,0.0,0.0,1546.0,51.0,42.0
240,2018,CommuterRail,11,66.0,558.0,1683.0,951.0,0.0,0.0,78.0,0.0,425.0,0.0,0.0
241,2018,CommuterRail,12,633.0,104.0,640.0,181.0,0.0,0.0,0.0,0.0,299.0,0.0,0.0
242,2018,CommuterRail,13,256.0,83.0,130.0,74.0,0.0,0.0,0.0,0.0,281.0,0.0,0.0
243,2018,CommuterRail,14,257.0,66.0,387.0,564.0,0.0,0.0,0.0,0.0,577.0,0.0,0.0
244,2018,CommuterRail,15,101.0,0.0,280.0,137.0,0.0,0.0,0.0,0.0,198.0,0.0,0.0
245,2018,CommuterRail,16,659.0,433.0,267.0,172.0,0.0,0.0,0.0,0.0,189.0,121.0,0.0
246,2018,CommuterRail,17,0.0,204.0,133.0,290.0,0.0,101.0,0.0,0.0,299.0,0.0,0.0
247,2018,CommuterRail,18,0.0,102.0,849.0,97.0,0.0,47.0,0.0,0.0,0.0,0.0,0.0
248,2018,CommuterRail,19,84.0,0.0,435.0,0.0,0.0,0.0,0.0,0.0,247.0,0.0,0.0
249,2018,CommuterRail,20,0.0,0.0,639.0,73.0,0.0,0.0,0.0,0.0,457.0,0.0,0.0
250,2018,CommuterRail,21,142.0,0.0,73.0,124.0,0.0,0.0,0.0,0.0,173.0,0.0,0.0
251,2018,CommuterRail,22,86.0,281.0,236.0,61.0,171.0,0.0,0.0,0.0,0.0,0.0,0.0
252,2018,CommuterRail,23,0.0,0.0,568.0,0.0,0.0,0.0,0.0,0.0,0.0,0.0,0.0
253,2018,Ferry,4,0.0,0.0,0.0,161.0,0.0,0.0,0.0,0.0,0.0,0.0,0.0
254,2018,Ferry,5,0.0,0.0,68.0,86.0,0.0,0.0,0.0,0.0,0.0,0.0,0.0
255,2018,Ferry,6,267.0,74.0,938.0,224.0,0.0,0.0,0.0,0.0,305.0,252.0,0.0
256,2018,Ferry,7,298.0,370.0,2207.0,1805.0,0.0,0.0,0.0,0.0,810.0,0.0,0.0
257,2018,Ferry,8,575.0,377.0,3525.0,2808.0,0.0,0.0,0.0,0.0,947.0,0.0,0.0
258,2018,Ferry,9,407.0,191.0,2123.0,2384.0,0.0,0.0,0.0,0.0,492.0,0.0,53.0
259,2018,Ferry,10,0.0,125.0,162.0,141.0,0.0,0.0,0.0,0.0,230.0,0.0,0.0
260,2018,Ferry,11,0.0,0.0,189.0,137.0,0.0,0.0,0.0,0.0,108.0,0.0,52.0
261,2018,Ferry,14,39.0,0.0,53.0,0.0,0.0,0.0,0.0,0.0,0.0,0.0,0.0
262,2018,Ferry,15,0.0,0.0,0.0,75.0,0.0,0.0,0.0,0.0,0.0,0.0,0.0
263,2018,Ferry,18,0.0,0.0,134.0,0.0,0.0,0.0,0.0,0.0,0.0,0.0,0.0
264,2018,Ferry,20,0.0,0.0,99.0,0.0,0.0,0.0,0.0,0.0,0.0,0.0,0.0
265,2018,Ferry,22,0.0,0.0,210.0,0.0,0.0,0.0,0.0,0.0,0.0,0.0,0.0
266,2018,Other,0,0.0,0.0,0.0,0.0,0.0,0.0,0.0,0.0,71.0,0.0,0.0
267,2018,Other,2,0.0,0.0,0.0,0.0,0.0,0.0,0.0,0.0,63.0,0.0,0.0
268,2018,Other,5,0.0,149.0,0.0,85.0,0.0,0.0,0.0,0.0,285.0,0.0,0.0
269,2018,Other,6,0.0,0.0,725.0,451.0,0.0,0.0,0.0,0.0,151.0,0.0,0.0
270,2018,Other,7,0.0,347.0,454.0,836.0,0.0,0.0,0.0,0.0,250.0,0.0,0.0
271,2018,Other,8,847.0,54.0,936.0,1007.0,0.0,0.0,0.0,0.0,579.0,0.0,0.0
272,2018,Other,9,86.0,0.0,1836.0,381.0,0.0,0.0,122.0,0.0,140.0,0.0,42.0
273,2018,Other,10,112.0,0.0,177.0,505.0,0.0,0.0,0.0,0.0,0.0,0.0,0.0
274,2018,Other,11,0.0,0.0,664.0,94.0,0.0,0.0,0.0,0.0,0.0,0.0,0.0
275,2018,Other,12,0.0,0.0,0.0,0.0,0.0,0.0,0.0,0.0,168.0,0.0,0.0
276,2018,Other,13,0.0,0.0,0.0,122.0,0.0,0.0,0.0,0.0,210.0,0.0,0.0
277,2018,Other,15,0.0,55.0,0.0,38.0,0.0,0.0,0.0,0.0,537.0,0.0,0.0
278,2018,Other,17,0.0,0.0,445.0,0.0,0.0,0.0,0.0,0.0,0.0,0.0,0.0
279,2018,Other,19,0.0,0.0,0.0,0.0,0.0,0.0,0.0,0.0,0.0,0.0,137.0
280,2018,Other,22,0.0,155.0,0.0,0.0,0.0,0.0,0.0,0.0,0.0,0.0,0.0
281,2018,Subway,0,178.0,115.0,1034.0,389.0,0.0,0.0,0.0,0.0,1155.0,0.0,0.0
282,2018,Subway,1,520.0,980.0,698.0,46.0,0.0,0.0,0.0,0.0,1065.0,0.0,116.0
283,2018,Subway,2,0.0,191.0,653.0,0.0,0.0,0.0,0.0,0.0,1454.0,316.0,70.0
284,2018,Subway,3,384.0,70.0,471.0,188.0,770.0,0.0,238.0,0.0,2084.0,51.0,62.0
285,2018,Subway,4,1132.0,650.0,737.0,781.0,0.0,39.0,81.0,0.0,1787.0,283.0,0.0
286,2018,Subway,5,3516.0,3120.0,6327.0,1403.0,158.0,467.0,407.0,502.0,7994.0,2187.0,636.0
287,2018,Subway,6,9813.0,9167.0,15419.0,8927.0,1049.0,246.0,1892.0,1719.0,25192.0,3298.0,1861.0
288,2018,Subway,7,19199.0,9933.0,60264.0,31144.0,1554.0,1638.0,3942.0,971.0,45711.0,7026.0,2293.0
289,2018,Subway,8,34670.0,23024.0,175703.0,117065.0,1469.0,4560.0,2856.0,2116.0,68339.0,6897.0,4828.0
290,2018,Subway,9,23635.0,16512.0,142749.0,95374.0,615.0,1316.0,2119.0,1879.0,44768.0,3041.0,2159.0
291,2018,Subway,10,10054.0,4849.0,37777.0,22288.0,268.0,496.0,472.0,476.0,16583.0,1467.0,1806.0
292,2018,Subway,11,4930.0,1635.0,7443.0,4981.0,267.0,158.0,212.0,594.0,11818.0,561.0,583.0
293,2018,Subway,12,2116.0,1185.0,3694.0,2200.0,0.0,729.0,146.0,0.0,4312.0,578.0,110.0
294,2018,Subway,13,2390.0,609.0,2518.0,1263.0,0.0,51.0,198.0,0.0,3422.0,0.0,34.0
295,2018,Subway,14,3646.0,1630.0,4448.0,2296.0,320.0,521.0,1115.0,196.0,4440.0,487.0,235.0
296,2018,Subway,15,3513.0,1926.0,5468.0,1925.0,0.0,144.0,736.0,173.0,8350.0,530.0,586.0
297,2018,Subway,16,2392.0,1601.0,5102.0,1041.0,0.0,283.0,961.0,517.0,8240.0,1046.0,327.0
298,2018,Subway,17,608.0,1465.0,3484.0,1327.0,492.0,325.0,764.0,0.0,2557.0,487.0,252.0
299,2018,Subway,18,1809.0,352.0,4338.0,2299.0,0.0,63.0,372.0,328.0,2958.0,183.0,0.0
300,2018,Subway,19,1308.0,300.0,4836.0,2167.0,0.0,81.0,96.0,393.0,2455.0,379.0,60.0
301,2018,Subway,20,718.0,483.0,1706.0,254.0,0.0,0.0,0.0,0.0,1360.0,0.0,0.0
302,2018,Subway,21,470.0,619.0,1011.0,686.0,0.0,0.0,0.0,0.0,900.0,138.0,303.0
303,2018,Subway,22,540.0,619.0,1003.0,178.0,0.0,109.0,283.0,0.0,3383.0,92.0,55.0
304,2018,Subway,23,1651.0,352.0,793.0,312.0,0.0,75.0,249.0,0.0,1700.0,0.0,266.0
305,2018,WFH,0,4305.0,3174.0,26047.0,22159.0,96.0,315.0,996.0,1050.0,7275.0,837.0,53.0
306,2018,Walk,0,0.0,0.0,0.0,92.0,0.0,0.0,0.0,0.0,39.0,0.0,0.0
307,2018,Walk,1,65.0,0.0,0.0,0.0,0.0,0.0,0.0,0.0,0.0,0.0,0.0
308,2018,Walk,4,0.0,0.0,0.0,0.0,0.0,0.0,0.0,0.0,170.0,0.0,0.0
309,2018,Walk,5,187.0,0.0,535.0,493.0,0.0,0.0,351.0,0.0,646.0,107.0,149.0
310,2018,Walk,6,335.0,247.0,1300.0,2791.0,0.0,223.0,128.0,0.0,1854.0,150.0,130.0
311,2018,Walk,7,1497.0,649.0,7293.0,9994.0,428.0,143.0,98.0,0.0,2323.0,598.0,0.0
312,2018,Walk,8,3994.0,853.0,23097.0,22894.0,0.0,0.0,72.0,211.0,6552.0,961.0,297.0
313,2018,Walk,9,2499.0,1190.0,21262.0,22116.0,854.0,117.0,218.0,201.0,3515.0,274.0,72.0
314,2018,Walk,10,1061.0,80.0,5274.0,4674.0,0.0,0.0,43.0,0.0,1475.0,79.0,0.0
315,2018,Walk,11,305.0,0.0,580.0,1397.0,0.0,0.0,0.0,0.0,733.0,0.0,266.0
316,2018,Walk,12,371.0,0.0,1179.0,188.0,0.0,348.0,0.0,0.0,134.0,0.0,0.0
317,2018,Walk,13,0.0,158.0,381.0,181.0,0.0,0.0,0.0,0.0,0.0,178.0,0.0
318,2018,Walk,14,559.0,442.0,1020.0,237.0,0.0,0.0,0.0,70.0,472.0,0.0,0.0
319,2018,Walk,15,369.0,0.0,81.0,501.0,154.0,49.0,0.0,0.0,430.0,0.0,0.0
320,2018,Walk,16,0.0,167.0,642.0,367.0,0.0,0.0,0.0,76.0,648.0,0.0,0.0
321,2018,Walk,17,1081.0,0.0,1274.0,311.0,0.0,0.0,0.0,0.0,584.0,0.0,0.0
322,2018,Walk,18,865.0,131.0,565.0,722.0,0.0,0.0,0.0,0.0,295.0,0.0,0.0
323,2018,Walk,19,0.0,0.0,549.0,204.0,0.0,0.0,0.0,59.0,221.0,0.0,0.0
324,2018,Walk,20,61.0,0.0,29.0,0.0,0.0,467.0,0.0,0.0,0.0,0.0,0.0
325,2018,Walk,21,0.0,0.0,49.0,0.0,0.0,63.0,0.0,0.0,0.0,0.0,0.0
326,2018,Walk,22,0.0,0.0,225.0,0.0,0.0,0.0,0.0,0.0,0.0,0.0,0.0
327,2019,AutoOccupants,0,551.0,329.0,310.0,800.0,0.0,0.0,0.0,0.0,536.0,0.0,0.0
328,2019,AutoOccupants,1,81.0,250.0,317.0,33.0,0.0,0.0,0.0,0.0,334.0,0.0,0.0
329,2019,AutoOccupants,2,0.0,226.0,0.0,59.0,0.0,177.0,0.0,94.0,116.0,68.0,0.0
330,2019,AutoOccupants,3,197.0,521.0,361.0,250.0,0.0,0.0,0.0,0.0,588.0,0.0,104.0
331,2019,AutoOccupants,4,267.0,328.0,987.0,497.0,0.0,239.0,185.0,0.0,1811.0,204.0,42.0
332,2019,AutoOccupants,5,3183.0,1683.0,3130.0,1587.0,0.0,159.0,139.0,0.0,5603.0,148.0,101.0
333,2019,AutoOccupants,6,6377.0,3476.0,12041.0,5728.0,125.0,199.0,562.0,512.0,11869.0,934.0,518.0
334,2019,AutoOccupants,7,6053.0,5121.0,17690.0,14653.0,0.0,761.0,678.0,468.0,14442.0,1108.0,932.0
335,2019,AutoOccupants,8,4901.0,5359.0,22491.0,16638.0,728.0,600.0,416.0,553.0,17695.0,1347.0,636.0
336,2019,AutoOccupants,9,5079.0,2788.0,15121.0,16410.0,51.0,431.0,199.0,344.0,9111.0,321.0,301.0
337,2019,AutoOccupants,10,2229.0,966.0,6752.0,4814.0,69.0,209.0,421.0,0.0,4273.0,257.0,0.0
338,2019,AutoOccupants,11,1549.0,593.0,1585.0,2553.0,0.0,0.0,272.0,0.0,1108.0,0.0,24.0
339,2019,AutoOccupants,12,725.0,491.0,1557.0,877.0,0.0,0.0,0.0,62.0,409.0,193.0,96.0
340,2019,AutoOccupants,13,1273.0,128.0,41.0,437.0,0.0,0.0,0.0,374.0,1735.0,0.0,0.0
341,2019,AutoOccupants,14,1237.0,766.0,2094.0,854.0,0.0,0.0,99.0,301.0,2428.0,125.0,46.0
342,2019,AutoOccupants,15,1177.0,616.0,1598.0,891.0,0.0,0.0,0.0,0.0,1879.0,0.0,602.0
343,2019,AutoOccupants,16,245.0,401.0,1025.0,201.0,0.0,0.0,0.0,0.0,1062.0,156.0,0.0
344,2019,AutoOccupants,17,764.0,320.0,1198.0,387.0,0.0,0.0,47.0,31.0,728.0,0.0,120.0
345,2019,AutoOccupants,18,767.0,601.0,1785.0,636.0,0.0,0.0,0.0,0.0,603.0,0.0,180.0
346,2019,AutoOccupants,19,131.0,527.0,1366.0,385.0,0.0,0.0,0.0,0.0,404.0,77.0,147.0
347,2019,AutoOccupants,20,246.0,415.0,624.0,0.0,0.0,55.0,0.0,0.0,538.0,0.0,0.0
348,2019,AutoOccupants,21,511.0,235.0,616.0,0.0,0.0,91.0,0.0,0.0,693.0,0.0,117.0
349,2019,AutoOccupants,22,162.0,635.0,1025.0,198.0,0.0,0.0,0.0,0.0,924.0,0.0,33.0
350,2019,AutoOccupants,23,527.0,583.0,888.0,114.0,0.0,0.0,0.0,0.0,1439.0,0.0,137.0
351,2019,Bicycle,5,88.0,0.0,0.0,0.0,0.0,78.0,0.0,0.0,0.0,0.0,0.0
352,2019,Bicycle,6,55.0,0.0,283.0,193.0,0.0,0.0,0.0,0.0,59.0,0.0,0.0
353,2019,Bicycle,7,0.0,129.0,3194.0,3018.0,0.0,0.0,0.0,0.0,705.0,0.0,0.0
354,2019,Bicycle,8,554.0,130.0,3997.0,3541.0,0.0,0.0,0.0,0.0,1737.0,0.0,0.0
355,2019,Bicycle,9,0.0,281.0,2702.0,2686.0,0.0,0.0,0.0,0.0,274.0,0.0,217.0
356,2019,Bicycle,10,91.0,199.0,1091.0,862.0,0.0,0.0,0.0,0.0,578.0,0.0,0.0
357,2019,Bicycle,11,0.0,101.0,124.0,21.0,0.0,0.0,0.0,0.0,636.0,0.0,138.0
358,2019,Bicycle,14,310.0,0.0,0.0,0.0,0.0,0.0,0.0,0.0,0.0,0.0,0.0
359,2019,Bicycle,15,0.0,0.0,206.0,102.0,0.0,0.0,0.0,0.0,0.0,0.0,0.0
360,2019,Bicycle,16,0.0,0.0,117.0,0.0,0.0,0.0,0.0,0.0,0.0,0.0,0.0
361,2019,Bicycle,17,0.0,0.0,0.0,0.0,0.0,0.0,0.0,0.0,36.0,0.0,0.0
362,2019,Bicycle,18,0.0,0.0,0.0,58.0,0.0,0.0,0.0,0.0,93.0,0.0,0.0
363,2019,Bicycle,19,0.0,0.0,0.0,43.0,0.0,0.0,0.0,0.0,94.0,0.0,0.0
364,2019,Bus,0,0.0,0.0,0.0,73.0,0.0,0.0,0.0,0.0,0.0,0.0,0.0
365,2019,Bus,1,541.0,0.0,0.0,48.0,0.0,0.0,538.0,0.0,966.0,0.0,0.0
366,2019,Bus,2,0.0,153.0,307.0,42.0,0.0,0.0,0.0,0.0,516.0,0.0,0.0
367,2019,Bus,3,421.0,0.0,540.0,130.0,0.0,0.0,189.0,0.0,700.0,45.0,0.0
368,2019,Bus,4,0.0,303.0,0.0,128.0,0.0,0.0,0.0,0.0,480.0,0.0,0.0
369,2019,Bus,5,1621.0,1935.0,1024.0,124.0,0.0,162.0,0.0,0.0,2721.0,260.0,0.0
370,2019,Bus,6,2474.0,2380.0,6611.0,2956.0,0.0,61.0,364.0,944.0,7814.0,910.0,287.0
371,2019,Bus,7,7792.0,3967.0,21215.0,13030.0,0.0,335.0,759.0,1038.0,13464.0,726.0,745.0
372,2019,Bus,8,7306.0,7471.0,32398.0,21345.0,245.0,1008.0,1738.0,364.0,19602.0,1066.0,625.0
373,2019,Bus,9,4800.0,3187.0,19277.0,14449.0,0.0,674.0,470.0,120.0,12387.0,946.0,689.0
374,2019,Bus,10,1463.0,1018.0,4735.0,3113.0,0.0,0.0,399.0,196.0,4006.0,320.0,339.0
375,2019,Bus,11,529.0,61.0,1950.0,439.0,0.0,61.0,133.0,0.0,1371.0,82.0,55.0
376,2019,Bus,12,494.0,279.0,607.0,120.0,0.0,0.0,0.0,0.0,818.0,0.0,0.0
377,2019,Bus,13,808.0,0.0,542.0,0.0,346.0,86.0,0.0,0.0,1214.0,0.0,259.0
378,2019,Bus,14,304.0,0.0,384.0,115.0,0.0,0.0,0.0,67.0,2032.0,0.0,184.0
379,2019,Bus,15,813.0,75.0,662.0,223.0,0.0,55.0,0.0,0.0,1894.0,115.0,173.0
380,2019,Bus,16,178.0,489.0,661.0,150.0,0.0,0.0,253.0,187.0,1008.0,0.0,0.0
381,2019,Bus,17,659.0,128.0,102.0,0.0,0.0,0.0,0.0,0.0,891.0,49.0,0.0
382,2019,Bus,18,327.0,0.0,432.0,0.0,0.0,0.0,154.0,0.0,217.0,0.0,73.0
383,2019,Bus,19,97.0,232.0,376.0,111.0,0.0,0.0,0.0,0.0,320.0,0.0,0.0
384,2019,Bus,20,0.0,118.0,180.0,111.0,0.0,0.0,0.0,0.0,644.0,0.0,0.0
385,2019,Bus,21,172.0,0.0,142.0,0.0,0.0,0.0,0.0,0.0,1259.0,0.0,0.0
386,2019,Bus,22,0.0,0.0,173.0,47.0,0.0,0.0,0.0,0.0,771.0,0.0,0.0
387,2019,Bus,23,110.0,471.0,66.0,0.0,406.0,0.0,0.0,0.0,165.0,0.0,0.0
388,2019,CommuterRail,0,0.0,102.0,0.0,0.0,0.0,0.0,0.0,0.0,0.0,0.0,0.0
389,2019,CommuterRail,1,86.0,0.0,430.0,291.0,0.0,0.0,0.0,0.0,281.0,0.0,0.0
390,2019,CommuterRail,2,0.0,0.0,853.0,411.0,0.0,0.0,0.0,0.0,95.0,90.0,0.0
391,2019,CommuterRail,3,0.0,0.0,228.0,207.0,0.0,0.0,0.0,0.0,35.0,0.0,0.0
392,2019,CommuterRail,4,0.0,0.0,190.0,232.0,0.0,0.0,256.0,0.0,0.0,0.0,0.0
393,2019,CommuterRail,5,87.0,296.0,544.0,0.0,0.0,87.0,50.0,0.0,1399.0,410.0,0.0
394,2019,CommuterRail,6,1550.0,1833.0,6095.0,3915.0,0.0,400.0,281.0,0.0,6317.0,205.0,0.0
395,2019,CommuterRail,7,4254.0,2865.0,26794.0,18218.0,0.0,213.0,238.0,0.0,6613.0,0.0,37.0
396,2019,CommuterRail,8,6933.0,5085.0,60107.0,49785.0,0.0,175.0,626.0,223.0,9444.0,1050.0,297.0
397,2019,CommuterRail,9,4963.0,2712.0,37107.0,27404.0,52.0,198.0,0.0,83.0,6589.0,365.0,179.0
398,2019,CommuterRail,10,1061.0,620.0,8726.0,4582.0,0.0,0.0,0.0,164.0,1643.0,0.0,45.0
399,2019,CommuterRail,11,217.0,133.0,1851.0,904.0,0.0,0.0,0.0,0.0,755.0,0.0,0.0
400,2019,CommuterRail,12,182.0,101.0,1626.0,389.0,0.0,0.0,0.0,0.0,0.0,0.0,0.0
401,2019,CommuterRail,13,519.0,130.0,486.0,0.0,0.0,0.0,0.0,0.0,54.0,0.0,90.0
402,2019,CommuterRail,14,879.0,41.0,287.0,91.0,0.0,0.0,0.0,0.0,470.0,0.0,0.0
403,2019,CommuterRail,15,0.0,0.0,246.0,51.0,0.0,221.0,0.0,0.0,661.0,0.0,0.0
404,2019,CommuterRail,16,431.0,0.0,65.0,179.0,0.0,0.0,273.0,225.0,473.0,0.0,0.0
405,2019,CommuterRail,17,132.0,0.0,338.0,0.0,0.0,0.0,0.0,0.0,177.0,0.0,0.0
406,2019,CommuterRail,18,0.0,0.0,177.0,648.0,0.0,0.0,0.0,0.0,0.0,0.0,0.0
407,2019,CommuterRail,19,0.0,64.0,101.0,0.0,0.0,0.0,0.0,0.0,0.0,0.0,0.0
408,2019,CommuterRail,20,0.0,79.0,14.0,0.0,0.0,0.0,0.0,0.0,0.0,0.0,0.0
409,2019,CommuterRail,21,0.0,0.0,158.0,161.0,0.0,0.0,0.0,0.0,60.0,0.0,0.0
410,2019,CommuterRail,22,72.0,311.0,329.0,22.0,0.0,0.0,35.0,0.0,376.0,0.0,0.0
411,2019,CommuterRail,23,100.0,66.0,256.0,86.0,0.0,0.0,0.0,0.0,526.0,0.0,0.0
412,2019,Ferry,5,0.0,0.0,135.0,0.0,0.0,0.0,0.0,0.0,0.0,0.0,0.0
413,2019,Ferry,6,661.0,389.0,818.0,259.0,0.0,0.0,0.0,0.0,125.0,0.0,0.0
414,2019,Ferry,7,679.0,624.0,3179.0,1951.0,0.0,0.0,65.0,0.0,1764.0,0.0,0.0
415,2019,Ferry,8,375.0,84.0,3870.0,2360.0,0.0,0.0,0.0,0.0,813.0,0.0,154.0
416,2019,Ferry,9,644.0,173.0,3740.0,2913.0,0.0,0.0,45.0,0.0,276.0,0.0,0.0
417,2019,Ferry,10,89.0,0.0,311.0,432.0,0.0,0.0,0.0,0.0,50.0,0.0,0.0
418,2019,Ferry,11,0.0,0.0,0.0,92.0,0.0,0.0,0.0,0.0,126.0,0.0,0.0
419,2019,Ferry,15,0.0,105.0,0.0,0.0,0.0,0.0,0.0,0.0,0.0,0.0,0.0
420,2019,Ferry,19,0.0,0.0,96.0,128.0,0.0,0.0,0.0,0.0,0.0,0.0,0.0
421,2019,Ferry,22,0.0,86.0,0.0,0.0,0.0,0.0,0.0,0.0,0.0,0.0,0.0
422,2019,Other,1,0.0,0.0,0.0,0.0,0.0,0.0,0.0,0.0,133.0,0.0,0.0
423,2019,Other,5,0.0,0.0,0.0,0.0,0.0,0.0,0.0,0.0,54.0,0.0,0.0
424,2019,Other,6,0.0,0.0,360.0,270.0,0.0,0.0,0.0,0.0,133.0,0.0,0.0
425,2019,Other,7,91.0,0.0,965.0,90.0,0.0,0.0,43.0,0.0,62.0,0.0,0.0
426,2019,Other,8,118.0,173.0,1595.0,1132.0,0.0,76.0,0.0,0.0,750.0,0.0,0.0
427,2019,Other,9,627.0,0.0,1011.0,990.0,0.0,0.0,0.0,0.0,548.0,0.0,0.0
428,2019,Other,10,0.0,0.0,135.0,0.0,0.0,0.0,0.0,0.0,75.0,0.0,0.0
429,2019,Other,11,0.0,70.0,115.0,141.0,0.0,0.0,0.0,0.0,0.0,0.0,85.0
430,2019,Other,12,0.0,0.0,0.0,436.0,0.0,0.0,0.0,0.0,0.0,0.0,0.0
431,2019,Other,13,0.0,0.0,0.0,0.0,0.0,0.0,0.0,0.0,62.0,0.0,0.0
432,2019,Other,14,0.0,0.0,0.0,0.0,0.0,0.0,0.0,0.0,319.0,0.0,0.0
433,2019,Other,17,0.0,0.0,40.0,0.0,0.0,0.0,0.0,0.0,0.0,0.0,0.0
434,2019,Subway,0,359.0,156.0,1020.0,471.0,0.0,0.0,303.0,0.0,795.0,0.0,217.0
435,2019,Subway,1,554.0,99.0,537.0,571.0,134.0,198.0,89.0,0.0,828.0,0.0,67.0
436,2019,Subway,2,761.0,499.0,1172.0,437.0,0.0,91.0,176.0,0.0,3502.0,42.0,145.0
437,2019,Subway,3,102.0,190.0,857.0,141.0,0.0,40.0,73.0,0.0,1347.0,363.0,54.0
438,2019,Subway,4,1618.0,158.0,1461.0,175.0,0.0,0.0,166.0,0.0,3070.0,238.0,239.0
439,2019,Subway,5,1964.0,2386.0,5798.0,1167.0,251.0,366.0,539.0,237.0,6006.0,703.0,230.0
440,2019,Subway,6,11656.0,5255.0,16133.0,8839.0,324.0,1598.0,618.0,455.0,26449.0,2595.0,1309.0
441,2019,Subway,7,20315.0,12299.0,58237.0,38850.0,270.0,1941.0,2905.0,1525.0,55147.0,6014.0,3131.0
442,2019,Subway,8,32911.0,18969.0,172789.0,104569.0,531.0,1997.0,2900.0,4132.0,67297.0,7158.0,3290.0
443,2019,Subway,9,25774.0,12435.0,161599.0,100939.0,1216.0,986.0,2491.0,1274.0,43906.0,3437.0,3116.0
444,2019,Subway,10,10432.0,5986.0,42292.0,25442.0,56.0,517.0,1103.0,781.0,17159.0,1781.0,858.0
445,2019,Subway,11,3449.0,2083.0,12311.0,5592.0,267.0,213.0,787.0,558.0,8433.0,672.0,623.0
446,2019,Subway,12,1973.0,1240.0,4305.0,3060.0,0.0,144.0,782.0,282.0,6100.0,803.0,231.0
447,2019,Subway,13,1764.0,880.0,3665.0,1337.0,0.0,326.0,508.0,0.0,3303.0,0.0,54.0
448,2019,Subway,14,2060.0,2036.0,5583.0,2277.0,0.0,73.0,365.0,223.0,6637.0,997.0,285.0
449,2019,Subway,15,4695.0,760.0,6176.0,1346.0,173.0,0.0,69.0,0.0,5531.0,210.0,370.0
450,2019,Subway,16,2462.0,473.0,3110.0,1060.0,138.0,100.0,455.0,0.0,7110.0,100.0,412.0
451,2019,Subway,17,1083.0,1344.0,4183.0,958.0,40.0,363.0,90.0,314.0,5328.0,633.0,127.0
452,2019,Subway,18,1531.0,573.0,2685.0,821.0,177.0,0.0,130.0,0.0,2105.0,182.0,154.0
453,2019,Subway,19,771.0,189.0,1016.0,225.0,0.0,120.0,0.0,93.0,1326.0,314.0,59.0
454,2019,Subway,20,66.0,354.0,708.0,608.0,442.0,58.0,190.0,0.0,1453.0,146.0,94.0
455,2019,Subway,21,324.0,303.0,1049.0,296.0,0.0,173.0,0.0,458.0,2182.0,0.0,162.0
456,2019,Subway,22,998.0,448.0,1862.0,383.0,0.0,0.0,0.0,0.0,1968.0,286.0,0.0
457,2019,Subway,23,1354.0,884.0,1081.0,236.0,0.0,154.0,0.0,300.0,1397.0,249.0,0.0
458,2019,WFH,0,5238.0,481.0,28060.0,24113.0,0.0,1411.0,1254.0,421.0,7838.0,1289.0,46.0
459,2019,Walk,0,0.0,103.0,129.0,62.0,0.0,0.0,0.0,0.0,0.0,0.0,0.0
460,2019,Walk,4,0.0,0.0,206.0,0.0,0.0,0.0,0.0,116.0,158.0,0.0,0.0
461,2019,Walk,5,0.0,0.0,1120.0,721.0,0.0,0.0,165.0,0.0,429.0,0.0,242.0
462,2019,Walk,6,360.0,1401.0,1773.0,3063.0,0.0,0.0,318.0,137.0,3655.0,0.0,0.0
463,2019,Walk,7,1883.0,376.0,8456.0,12319.0,138.0,435.0,0.0,0.0,4681.0,59.0,0.0
464,2019,Walk,8,6657.0,1610.0,27938.0,26155.0,257.0,481.0,327.0,1513.0,7544.0,2185.0,293.0
465,2019,Walk,9,1009.0,918.0,21445.0,17040.0,303.0,224.0,513.0,559.0,3364.0,662.0,443.0
466,2019,Walk,10,2600.0,105.0,4845.0,4980.0,0.0,114.0,0.0,622.0,1923.0,275.0,239.0
467,2019,Walk,11,206.0,42.0,1316.0,1271.0,0.0,0.0,0.0,630.0,500.0,677.0,205.0
468,2019,Walk,12,118.0,0.0,1657.0,1268.0,624.0,0.0,116.0,0.0,328.0,0.0,0.0
469,2019,Walk,13,0.0,0.0,223.0,270.0,0.0,0.0,83.0,0.0,599.0,0.0,0.0
470,2019,Walk,14,1456.0,287.0,1241.0,29.0,0.0,0.0,179.0,0.0,776.0,48.0,0.0
471,2019,Walk,15,0.0,0.0,33.0,158.0,0.0,311.0,0.0,0.0,1107.0,73.0,0.0
472,2019,Walk,16,1014.0,129.0,559.0,0.0,0.0,0.0,0.0,0.0,1023.0,151.0,263.0
473,2019,Walk,17,0.0,0.0,815.0,230.0,0.0,0.0,0.0,0.0,632.0,0.0,203.0
474,2019,Walk,18,389.0,0.0,1168.0,1295.0,0.0,0.0,252.0,0.0,416.0,0.0,0.0
475,2019,Walk,19,1245.0,0.0,509.0,335.0,0.0,0.0,0.0,88.0,518.0,0.0,0.0
476,2019,Walk,20,0.0,0.0,0.0,506.0,0.0,0.0,0.0,0.0,0.0,0.0,0.0
477,2019,Walk,21,0.0,0.0,424.0,0.0,0.0,0.0,0.0,0.0,0.0,0.0,0.0
478,2019,Walk,22,82.0,0.0,151.0,339.0,0.0,0.0,0.0,0.0,211.0,0.0,0.0
