,YEAR,TransMode,Hour,income_decile_0,income_decile_1,income_decile_10,income_decile_2,income_decile_3,income_decile_4,income_decile_5,income_decile_6,income_decile_7,income_decile_8,income_decile_9
0,2017,AutoOccupants,0,0.0,0.0,0.0,182.0,438.0,61.0,457.0,0.0,0.0,0.0,18.0
1,2017,AutoOccupants,1,0.0,0.0,0.0,0.0,59.0,0.0,226.0,103.0,0.0,0.0,0.0
2,2017,AutoOccupants,2,0.0,173.0,99.0,683.0,117.0,101.0,594.0,290.0,0.0,206.0,217.0
3,2017,AutoOccupants,3,0.0,330.0,31.0,204.0,569.0,620.0,259.0,585.0,0.0,407.0,122.0
4,2017,AutoOccupants,4,0.0,211.0,403.0,1052.0,1053.0,118.0,384.0,243.0,277.0,511.0,352.0
5,2017,AutoOccupants,5,0.0,1775.0,679.0,1800.0,2073.0,2147.0,1740.0,1925.0,2454.0,2068.0,1352.0
6,2017,AutoOccupants,6,0.0,2993.0,3395.0,4322.0,5426.0,5412.0,4684.0,3954.0,5239.0,5652.0,4317.0
7,2017,AutoOccupants,7,0.0,4798.0,7741.0,5576.0,9850.0,6186.0,8186.0,9504.0,6782.0,7729.0,4146.0
8,2017,AutoOccupants,8,0.0,4947.0,9353.0,6142.0,8352.0,6730.0,5853.0,6810.0,7151.0,6676.0,7762.0
9,2017,AutoOccupants,9,0.0,2741.0,5779.0,4604.0,4618.0,4613.0,5599.0,4754.0,5139.0,5093.0,3716.0
10,2017,AutoOccupants,10,0.0,1430.0,2926.0,1384.0,3431.0,1520.0,1673.0,1328.0,1695.0,3022.0,2239.0
11,2017,AutoOccupants,11,0.0,631.0,839.0,764.0,464.0,395.0,885.0,275.0,583.0,1349.0,1214.0
12,2017,AutoOccupants,12,0.0,920.0,38.0,989.0,933.0,32.0,767.0,825.0,722.0,241.0,123.0
13,2017,AutoOccupants,13,0.0,59.0,152.0,607.0,759.0,518.0,924.0,243.0,712.0,927.0,210.0
14,2017,AutoOccupants,14,0.0,175.0,88.0,668.0,1407.0,575.0,666.0,1032.0,470.0,58.0,212.0
15,2017,AutoOccupants,15,0.0,617.0,0.0,686.0,498.0,743.0,452.0,494.0,571.0,1179.0,221.0
16,2017,AutoOccupants,16,0.0,735.0,0.0,637.0,1162.0,699.0,507.0,570.0,162.0,457.0,80.0
17,2017,AutoOccupants,17,0.0,651.0,0.0,1123.0,224.0,548.0,480.0,381.0,324.0,624.0,60.0
18,2017,AutoOccupants,18,0.0,323.0,156.0,776.0,238.0,319.0,304.0,175.0,959.0,632.0,167.0
19,2017,AutoOccupants,19,0.0,562.0,27.0,526.0,485.0,130.0,313.0,0.0,472.0,474.0,568.0
20,2017,AutoOccupants,20,0.0,184.0,0.0,65.0,130.0,0.0,171.0,186.0,175.0,145.0,424.0
21,2017,AutoOccupants,21,0.0,616.0,0.0,214.0,634.0,0.0,230.0,384.0,0.0,379.0,0.0
22,2017,AutoOccupants,22,0.0,428.0,0.0,335.0,57.0,970.0,385.0,1157.0,680.0,860.0,72.0
23,2017,AutoOccupants,23,0.0,376.0,0.0,359.0,377.0,1240.0,354.0,366.0,345.0,1304.0,0.0
24,2017,Bicycle,4,0.0,0.0,0.0,513.0,0.0,104.0,0.0,0.0,201.0,0.0,0.0
25,2017,Bicycle,5,0.0,0.0,0.0,171.0,0.0,33.0,0.0,0.0,78.0,0.0,0.0
26,2017,Bicycle,6,0.0,179.0,62.0,56.0,711.0,110.0,280.0,88.0,0.0,0.0,132.0
27,2017,Bicycle,7,0.0,96.0,68.0,0.0,507.0,0.0,749.0,726.0,314.0,440.0,298.0
28,2017,Bicycle,8,0.0,696.0,984.0,607.0,235.0,805.0,963.0,1047.0,1428.0,1715.0,956.0
29,2017,Bicycle,9,0.0,1073.0,798.0,0.0,533.0,296.0,388.0,895.0,503.0,1872.0,1207.0
30,2017,Bicycle,10,0.0,0.0,444.0,46.0,47.0,850.0,0.0,0.0,453.0,131.0,0.0
31,2017,Bicycle,11,0.0,141.0,174.0,0.0,0.0,0.0,0.0,0.0,0.0,0.0,0.0
32,2017,Bicycle,12,0.0,175.0,0.0,314.0,0.0,0.0,0.0,0.0,0.0,0.0,0.0
33,2017,Bicycle,13,0.0,0.0,0.0,0.0,0.0,40.0,0.0,0.0,0.0,0.0,0.0
34,2017,Bicycle,14,0.0,0.0,0.0,163.0,0.0,254.0,0.0,0.0,0.0,0.0,0.0
35,2017,Bicycle,15,0.0,184.0,100.0,0.0,0.0,110.0,0.0,64.0,0.0,56.0,0.0
36,2017,Bicycle,16,0.0,0.0,0.0,0.0,113.0,0.0,0.0,0.0,0.0,0.0,0.0
37,2017,Bicycle,17,0.0,80.0,0.0,113.0,141.0,0.0,41.0,0.0,0.0,0.0,0.0
38,2017,Bicycle,18,0.0,152.0,37.0,0.0,0.0,121.0,54.0,0.0,0.0,125.0,0.0
39,2017,Bicycle,19,0.0,136.0,0.0,0.0,83.0,0.0,0.0,0.0,0.0,0.0,0.0
40,2017,Bicycle,20,0.0,0.0,0.0,0.0,0.0,0.0,91.0,0.0,0.0,0.0,0.0
41,2017,Bus,0,0.0,386.0,0.0,151.0,0.0,42.0,473.0,60.0,175.0,134.0,0.0
42,2017,Bus,1,0.0,0.0,0.0,70.0,225.0,0.0,0.0,0.0,138.0,0.0,0.0
43,2017,Bus,2,0.0,0.0,0.0,370.0,340.0,0.0,0.0,270.0,0.0,130.0,0.0
44,2017,Bus,3,0.0,0.0,0.0,0.0,0.0,0.0,0.0,152.0,0.0,0.0,0.0
45,2017,Bus,4,0.0,251.0,0.0,391.0,131.0,70.0,178.0,67.0,50.0,71.0,0.0
46,2017,Bus,5,0.0,1025.0,105.0,774.0,566.0,439.0,0.0,672.0,194.0,755.0,351.0
47,2017,Bus,6,0.0,3174.0,1248.0,2024.0,2401.0,3770.0,3000.0,3221.0,3918.0,3625.0,1977.0
48,2017,Bus,7,0.0,7462.0,4577.0,7294.0,5000.0,6881.0,4940.0,6794.0,4425.0,6473.0,6522.0
49,2017,Bus,8,0.0,9747.0,4432.0,8412.0,8734.0,8716.0,9530.0,7971.0,11031.0,11081.0,10057.0
50,2017,Bus,9,0.0,6785.0,3290.0,5642.0,3986.0,5527.0,4214.0,7049.0,6348.0,5061.0,4880.0
51,2017,Bus,10,0.0,1936.0,1029.0,1705.0,1918.0,1737.0,1234.0,2225.0,1323.0,879.0,536.0
52,2017,Bus,11,0.0,1061.0,0.0,663.0,314.0,295.0,66.0,221.0,134.0,257.0,260.0
53,2017,Bus,12,0.0,733.0,0.0,1308.0,190.0,588.0,179.0,182.0,476.0,116.0,73.0
54,2017,Bus,13,0.0,707.0,0.0,468.0,129.0,649.0,80.0,0.0,142.0,90.0,0.0
55,2017,Bus,14,0.0,1328.0,235.0,259.0,213.0,884.0,448.0,0.0,316.0,240.0,87.0
56,2017,Bus,15,0.0,692.0,0.0,19.0,1242.0,1322.0,246.0,510.0,157.0,91.0,0.0
57,2017,Bus,16,0.0,967.0,0.0,258.0,96.0,340.0,177.0,164.0,188.0,380.0,101.0
58,2017,Bus,17,0.0,103.0,0.0,0.0,99.0,66.0,97.0,26.0,63.0,72.0,69.0
59,2017,Bus,18,0.0,0.0,803.0,89.0,145.0,61.0,0.0,314.0,77.0,0.0,63.0
60,2017,Bus,19,0.0,95.0,97.0,172.0,0.0,0.0,87.0,300.0,109.0,375.0,0.0
61,2017,Bus,20,0.0,104.0,0.0,303.0,94.0,0.0,175.0,0.0,130.0,0.0,67.0
62,2017,Bus,21,0.0,98.0,64.0,46.0,136.0,0.0,20.0,0.0,0.0,0.0,0.0
63,2017,Bus,22,0.0,379.0,0.0,0.0,592.0,0.0,198.0,305.0,0.0,0.0,0.0
64,2017,Bus,23,0.0,479.0,0.0,0.0,202.0,78.0,355.0,0.0,96.0,72.0,0.0
65,2017,CommuterRail,1,0.0,0.0,0.0,0.0,0.0,100.0,74.0,0.0,0.0,0.0,62.0
66,2017,CommuterRail,2,0.0,62.0,0.0,0.0,165.0,0.0,0.0,0.0,100.0,166.0,0.0
67,2017,CommuterRail,3,0.0,174.0,0.0,0.0,0.0,0.0,0.0,0.0,40.0,162.0,0.0
68,2017,CommuterRail,4,0.0,33.0,0.0,355.0,0.0,0.0,0.0,0.0,81.0,0.0,0.0
69,2017,CommuterRail,5,0.0,706.0,304.0,732.0,437.0,434.0,451.0,111.0,429.0,762.0,296.0
70,2017,CommuterRail,6,0.0,1210.0,5115.0,1309.0,2141.0,1414.0,2148.0,1713.0,2391.0,3469.0,2262.0
71,2017,CommuterRail,7,0.0,3900.0,13572.0,2647.0,4344.0,5260.0,4294.0,6425.0,7439.0,8352.0,10732.0
72,2017,CommuterRail,8,0.0,8211.0,25768.0,6445.0,6392.0,8893.0,8014.0,11619.0,12163.0,18157.0,19552.0
73,2017,CommuterRail,9,0.0,3392.0,11031.0,3650.0,3152.0,4292.0,4940.0,4637.0,8530.0,9999.0,12358.0
74,2017,CommuterRail,10,0.0,1149.0,2072.0,1529.0,919.0,1594.0,1044.0,1284.0,1871.0,884.0,1104.0
75,2017,CommuterRail,11,0.0,536.0,329.0,58.0,447.0,276.0,390.0,86.0,226.0,38.0,196.0
76,2017,CommuterRail,12,0.0,142.0,138.0,312.0,118.0,0.0,0.0,57.0,114.0,326.0,0.0
77,2017,CommuterRail,13,0.0,152.0,0.0,223.0,115.0,0.0,368.0,127.0,86.0,60.0,0.0
78,2017,CommuterRail,14,0.0,478.0,0.0,282.0,0.0,124.0,76.0,241.0,0.0,0.0,78.0
79,2017,CommuterRail,15,0.0,350.0,155.0,184.0,69.0,455.0,0.0,440.0,156.0,255.0,174.0
80,2017,CommuterRail,16,0.0,313.0,445.0,171.0,236.0,176.0,0.0,0.0,234.0,77.0,0.0
81,2017,CommuterRail,17,0.0,271.0,35.0,656.0,55.0,0.0,188.0,128.0,0.0,0.0,73.0
82,2017,CommuterRail,18,0.0,0.0,500.0,0.0,282.0,0.0,77.0,109.0,0.0,128.0,221.0
83,2017,CommuterRail,19,0.0,91.0,198.0,395.0,79.0,0.0,0.0,67.0,0.0,144.0,86.0
84,2017,CommuterRail,20,0.0,0.0,123.0,114.0,0.0,131.0,0.0,64.0,168.0,77.0,81.0
85,2017,CommuterRail,21,0.0,0.0,0.0,0.0,79.0,183.0,0.0,0.0,190.0,185.0,326.0
86,2017,CommuterRail,22,0.0,0.0,114.0,181.0,67.0,0.0,0.0,273.0,0.0,74.0,0.0
87,2017,CommuterRail,23,0.0,189.0,0.0,178.0,59.0,0.0,131.0,0.0,0.0,0.0,0.0
88,2017,Ferry,5,0.0,0.0,59.0,0.0,0.0,0.0,38.0,0.0,0.0,0.0,0.0
89,2017,Ferry,6,0.0,268.0,31.0,0.0,0.0,0.0,237.0,0.0,0.0,45.0,166.0
90,2017,Ferry,7,0.0,0.0,658.0,79.0,134.0,92.0,65.0,187.0,331.0,484.0,689.0
91,2017,Ferry,8,0.0,380.0,1479.0,125.0,623.0,664.0,418.0,751.0,1081.0,1102.0,1612.0
92,2017,Ferry,9,0.0,357.0,855.0,434.0,404.0,828.0,188.0,537.0,695.0,211.0,851.0
93,2017,Ferry,10,0.0,0.0,121.0,0.0,0.0,0.0,120.0,0.0,0.0,0.0,195.0
94,2017,Ferry,11,0.0,0.0,0.0,0.0,0.0,0.0,0.0,0.0,0.0,57.0,0.0
95,2017,Ferry,15,0.0,0.0,0.0,47.0,0.0,0.0,0.0,0.0,88.0,0.0,0.0
96,2017,Ferry,16,0.0,0.0,0.0,0.0,97.0,0.0,131.0,0.0,0.0,0.0,0.0
97,2017,Ferry,17,0.0,0.0,0.0,0.0,0.0,0.0,0.0,0.0,38.0,0.0,0.0
98,2017,Ferry,18,0.0,0.0,0.0,0.0,0.0,0.0,53.0,92.0,0.0,0.0,0.0
99,2017,Ferry,22,0.0,0.0,0.0,0.0,0.0,0.0,0.0,76.0,0.0,0.0,0.0
100,2017,Other,0,0.0,0.0,0.0,0.0,188.0,0.0,0.0,0.0,0.0,0.0,0.0
101,2017,Other,1,0.0,250.0,0.0,0.0,0.0,0.0,0.0,0.0,0.0,0.0,0.0
102,2017,Other,2,0.0,0.0,61.0,0.0,0.0,0.0,0.0,0.0,0.0,0.0,0.0
103,2017,Other,5,0.0,0.0,42.0,0.0,72.0,0.0,0.0,0.0,0.0,0.0,0.0
104,2017,Other,6,0.0,0.0,207.0,85.0,72.0,136.0,78.0,0.0,0.0,0.0,0.0
105,2017,Other,7,0.0,336.0,342.0,304.0,150.0,189.0,0.0,0.0,309.0,0.0,39.0
106,2017,Other,8,0.0,155.0,1157.0,262.0,379.0,355.0,154.0,45.0,636.0,301.0,452.0
107,2017,Other,9,0.0,362.0,362.0,186.0,0.0,279.0,74.0,0.0,290.0,71.0,146.0
108,2017,Other,10,0.0,79.0,79.0,121.0,0.0,0.0,0.0,0.0,171.0,0.0,112.0
109,2017,Other,11,0.0,0.0,0.0,71.0,37.0,0.0,0.0,0.0,0.0,0.0,0.0
110,2017,Other,13,0.0,0.0,0.0,91.0,0.0,0.0,0.0,0.0,0.0,25.0,0.0
111,2017,Other,14,0.0,0.0,0.0,100.0,0.0,0.0,0.0,0.0,56.0,0.0,0.0
112,2017,Other,15,0.0,0.0,0.0,90.0,0.0,0.0,0.0,0.0,0.0,0.0,0.0
113,2017,Other,16,0.0,0.0,0.0,0.0,0.0,0.0,0.0,0.0,104.0,0.0,0.0
114,2017,Other,17,0.0,157.0,0.0,0.0,0.0,66.0,96.0,0.0,135.0,0.0,0.0
115,2017,Other,21,0.0,0.0,0.0,0.0,84.0,0.0,79.0,0.0,0.0,0.0,0.0
116,2017,Other,22,0.0,0.0,0.0,82.0,0.0,0.0,0.0,0.0,0.0,0.0,0.0
117,2017,Subway,0,0.0,541.0,97.0,1273.0,767.0,437.0,111.0,0.0,0.0,110.0,0.0
118,2017,Subway,1,0.0,590.0,0.0,417.0,84.0,131.0,66.0,0.0,88.0,248.0,0.0
119,2017,Subway,2,0.0,590.0,0.0,1407.0,496.0,104.0,55.0,70.0,0.0,61.0,163.0
120,2017,Subway,3,0.0,265.0,0.0,362.0,640.0,169.0,102.0,203.0,66.0,88.0,0.0
121,2017,Subway,4,0.0,1108.0,0.0,1901.0,945.0,578.0,833.0,671.0,290.0,0.0,586.0
122,2017,Subway,5,0.0,4954.0,0.0,4836.0,4965.0,2116.0,1590.0,1718.0,1362.0,640.0,469.0
123,2017,Subway,6,0.0,8794.0,3403.0,14393.0,13520.0,9796.0,7924.0,5272.0,5683.0,4593.0,3152.0
124,2017,Subway,7,0.0,26065.0,10793.0,36730.0,32211.0,22281.0,21006.0,18141.0,15017.0,11027.0,11591.0
125,2017,Subway,8,0.0,49650.0,32208.0,49962.0,44310.0,46050.0,49231.0,50281.0,43078.0,36560.0,34189.0
126,2017,Subway,9,0.0,37749.0,21834.0,35153.0,37105.0,36033.0,36242.0,35880.0,33486.0,35508.0,30467.0
127,2017,Subway,10,0.0,15496.0,3088.0,14334.0,12929.0,9687.0,9605.0,8011.0,8660.0,7533.0,6977.0
128,2017,Subway,11,0.0,4961.0,628.0,7373.0,4578.0,2505.0,1591.0,2681.0,2181.0,1225.0,566.0
129,2017,Subway,12,0.0,4606.0,235.0,5329.0,3015.0,1398.0,755.0,1462.0,569.0,613.0,719.0
130,2017,Subway,13,0.0,3074.0,60.0,3534.0,2048.0,1498.0,1222.0,485.0,215.0,157.0,459.0
131,2017,Subway,14,0.0,6687.0,82.0,5071.0,4551.0,3772.0,2131.0,1122.0,1122.0,305.0,932.0
132,2017,Subway,15,0.0,6852.0,142.0,6823.0,4534.0,4195.0,2328.0,1633.0,446.0,761.0,455.0
133,2017,Subway,16,0.0,4727.0,91.0,4530.0,4499.0,2962.0,1356.0,1221.0,121.0,419.0,61.0
134,2017,Subway,17,0.0,2809.0,0.0,3535.0,2938.0,930.0,730.0,947.0,641.0,362.0,463.0
135,2017,Subway,18,0.0,2824.0,762.0,782.0,1476.0,1100.0,1213.0,559.0,2025.0,910.0,425.0
136,2017,Subway,19,0.0,829.0,246.0,2441.0,1104.0,611.0,438.0,2370.0,354.0,670.0,67.0
137,2017,Subway,20,0.0,1014.0,126.0,763.0,516.0,175.0,613.0,318.0,274.0,217.0,405.0
138,2017,Subway,21,0.0,884.0,0.0,1061.0,381.0,978.0,730.0,365.0,626.0,672.0,0.0
139,2017,Subway,22,0.0,753.0,0.0,1171.0,739.0,148.0,292.0,90.0,314.0,141.0,0.0
140,2017,Subway,23,0.0,1063.0,0.0,1181.0,2053.0,1219.0,716.0,414.0,359.0,0.0,75.0
141,2017,WFH,0,0.0,8683.0,6320.0,7379.0,6898.0,5793.0,3886.0,5982.0,6449.0,5982.0,7015.0
142,2017,Walk,0,0.0,0.0,0.0,0.0,0.0,0.0,0.0,0.0,295.0,0.0,0.0
143,2017,Walk,2,0.0,103.0,0.0,0.0,0.0,0.0,0.0,0.0,0.0,0.0,0.0
144,2017,Walk,4,0.0,411.0,0.0,133.0,0.0,0.0,115.0,0.0,0.0,0.0,0.0
145,2017,Walk,5,0.0,332.0,747.0,455.0,304.0,244.0,551.0,55.0,0.0,0.0,277.0
146,2017,Walk,6,0.0,382.0,602.0,549.0,646.0,728.0,1509.0,378.0,1472.0,435.0,602.0
147,2017,Walk,7,0.0,1650.0,4580.0,1905.0,1289.0,993.0,3363.0,1778.0,2573.0,2612.0,1753.0
148,2017,Walk,8,0.0,6307.0,9562.0,4973.0,3922.0,4385.0,2631.0,5472.0,7359.0,10489.0,7190.0
149,2017,Walk,9,0.0,6337.0,4932.0,2775.0,3198.0,3671.0,5283.0,3456.0,3682.0,3643.0,5368.0
150,2017,Walk,10,0.0,5636.0,927.0,1262.0,1340.0,1196.0,1143.0,866.0,2007.0,1254.0,1600.0
151,2017,Walk,11,0.0,115.0,452.0,1484.0,518.0,68.0,329.0,193.0,182.0,287.0,176.0
152,2017,Walk,12,0.0,1030.0,164.0,280.0,103.0,202.0,55.0,103.0,0.0,130.0,82.0
153,2017,Walk,13,0.0,350.0,0.0,128.0,134.0,109.0,490.0,0.0,0.0,142.0,0.0
154,2017,Walk,14,0.0,1077.0,0.0,542.0,382.0,75.0,465.0,933.0,0.0,0.0,70.0
155,2017,Walk,15,0.0,1226.0,113.0,0.0,675.0,879.0,0.0,0.0,0.0,0.0,125.0
156,2017,Walk,16,0.0,835.0,0.0,62.0,35.0,583.0,217.0,166.0,0.0,0.0,122.0
157,2017,Walk,17,0.0,276.0,0.0,467.0,62.0,0.0,0.0,294.0,0.0,0.0,0.0
158,2017,Walk,18,0.0,0.0,0.0,0.0,0.0,0.0,0.0,0.0,223.0,178.0,0.0
159,2017,Walk,19,0.0,0.0,0.0,148.0,0.0,0.0,0.0,0.0,72.0,348.0,236.0
160,2017,Walk,20,0.0,0.0,491.0,132.0,0.0,0.0,0.0,109.0,0.0,0.0,0.0
161,2017,Walk,21,0.0,0.0,0.0,0.0,0.0,291.0,0.0,0.0,0.0,0.0,0.0
162,2017,Walk,22,0.0,0.0,0.0,0.0,143.0,339.0,0.0,352.0,96.0,0.0,0.0
163,2017,Walk,23,0.0,580.0,0.0,0.0,0.0,656.0,0.0,0.0,0.0,0.0,0.0
164,2018,AutoOccupants,0,0.0,0.0,0.0,144.0,0.0,0.0,0.0,197.0,84.0,0.0,98.0
165,2018,AutoOccupants,1,0.0,39.0,78.0,32.0,407.0,49.0,0.0,0.0,597.0,0.0,0.0
166,2018,AutoOccupants,2,0.0,99.0,0.0,333.0,0.0,372.0,0.0,67.0,0.0,135.0,120.0
167,2018,AutoOccupants,3,0.0,100.0,0.0,454.0,178.0,0.0,0.0,344.0,50.0,119.0,341.0
168,2018,AutoOccupants,4,0.0,0.0,117.0,837.0,1259.0,182.0,993.0,531.0,1246.0,157.0,73.0
169,2018,AutoOccupants,5,0.0,930.0,1132.0,739.0,1051.0,2009.0,1688.0,3531.0,2760.0,1479.0,1240.0
170,2018,AutoOccupants,6,0.0,3207.0,4027.0,2277.0,6502.0,6071.0,3736.0,5839.0,5355.0,7410.0,4031.0
171,2018,AutoOccupants,7,0.0,5517.0,9235.0,7391.0,9944.0,6464.0,7930.0,6024.0,7401.0,7492.0,5155.0
172,2018,AutoOccupants,8,0.0,6905.0,10549.0,7552.0,7554.0,5558.0,6903.0,6741.0,9362.0,7033.0,7880.0
173,2018,AutoOccupants,9,0.0,4545.0,6384.0,3713.0,4051.0,4223.0,4399.0,4333.0,3224.0,7465.0,6334.0
174,2018,AutoOccupants,10,0.0,2882.0,1867.0,3058.0,1877.0,1569.0,1986.0,1379.0,2638.0,2623.0,2247.0
175,2018,AutoOccupants,11,0.0,758.0,1076.0,717.0,646.0,529.0,1025.0,1048.0,481.0,793.0,395.0
176,2018,AutoOccupants,12,0.0,245.0,229.0,499.0,504.0,343.0,179.0,123.0,583.0,217.0,497.0
177,2018,AutoOccupants,13,0.0,360.0,118.0,195.0,180.0,763.0,113.0,175.0,152.0,1066.0,422.0
178,2018,AutoOccupants,14,0.0,986.0,119.0,851.0,993.0,1127.0,1317.0,270.0,432.0,634.0,129.0
179,2018,AutoOccupants,15,0.0,195.0,27.0,614.0,1212.0,88.0,203.0,194.0,515.0,319.0,57.0
180,2018,AutoOccupants,16,0.0,1368.0,0.0,295.0,607.0,273.0,198.0,0.0,260.0,494.0,0.0
181,2018,AutoOccupants,17,0.0,684.0,121.0,1135.0,618.0,443.0,146.0,212.0,230.0,288.0,374.0
182,2018,AutoOccupants,18,0.0,671.0,296.0,60.0,405.0,539.0,253.0,405.0,1491.0,638.0,472.0
183,2018,AutoOccupants,19,0.0,434.0,925.0,227.0,290.0,327.0,645.0,790.0,776.0,276.0,33.0
184,2018,AutoOccupants,20,0.0,401.0,197.0,289.0,252.0,1316.0,0.0,203.0,167.0,112.0,0.0
185,2018,AutoOccupants,21,0.0,161.0,0.0,140.0,215.0,360.0,191.0,615.0,145.0,0.0,0.0
186,2018,AutoOccupants,22,0.0,110.0,0.0,475.0,983.0,271.0,333.0,402.0,752.0,287.0,0.0
187,2018,AutoOccupants,23,0.0,0.0,0.0,258.0,608.0,948.0,134.0,271.0,667.0,234.0,152.0
188,2018,Bicycle,0,0.0,0.0,0.0,0.0,0.0,669.0,0.0,0.0,0.0,0.0,0.0
189,2018,Bicycle,5,0.0,0.0,0.0,0.0,0.0,0.0,0.0,223.0,60.0,0.0,0.0
190,2018,Bicycle,6,0.0,667.0,457.0,0.0,0.0,310.0,0.0,106.0,0.0,178.0,0.0
191,2018,Bicycle,7,0.0,0.0,553.0,324.0,78.0,83.0,101.0,591.0,496.0,0.0,72.0
192,2018,Bicycle,8,0.0,811.0,2356.0,514.0,513.0,520.0,198.0,1178.0,893.0,1131.0,1382.0
193,2018,Bicycle,9,0.0,869.0,1095.0,288.0,665.0,299.0,577.0,503.0,864.0,1805.0,1182.0
194,2018,Bicycle,10,0.0,0.0,74.0,402.0,0.0,215.0,299.0,129.0,145.0,586.0,97.0
195,2018,Bicycle,11,0.0,626.0,162.0,0.0,90.0,89.0,0.0,0.0,0.0,0.0,0.0
196,2018,Bicycle,12,0.0,82.0,0.0,0.0,87.0,131.0,0.0,112.0,0.0,0.0,0.0
197,2018,Bicycle,13,0.0,356.0,0.0,0.0,0.0,0.0,0.0,0.0,0.0,0.0,0.0
198,2018,Bicycle,14,0.0,0.0,0.0,0.0,0.0,0.0,0.0,0.0,414.0,0.0,0.0
199,2018,Bicycle,15,0.0,0.0,0.0,0.0,0.0,229.0,0.0,105.0,73.0,0.0,0.0
200,2018,Bicycle,16,0.0,0.0,0.0,0.0,0.0,0.0,0.0,0.0,227.0,0.0,0.0
201,2018,Bicycle,17,0.0,71.0,100.0,77.0,0.0,0.0,0.0,0.0,0.0,0.0,0.0
202,2018,Bicycle,18,0.0,106.0,0.0,128.0,0.0,0.0,0.0,0.0,0.0,0.0,0.0
203,2018,Bicycle,19,0.0,0.0,0.0,0.0,0.0,0.0,0.0,0.0,0.0,0.0,125.0
204,2018,Bicycle,21,0.0,0.0,0.0,0.0,80.0,0.0,0.0,0.0,0.0,0.0,0.0
205,2018,Bus,0,0.0,0.0,0.0,109.0,0.0,0.0,0.0,0.0,0.0,0.0,0.0
206,2018,Bus,1,0.0,100.0,0.0,0.0,41.0,0.0,0.0,0.0,0.0,0.0,0.0
207,2018,Bus,2,0.0,0.0,52.0,264.0,136.0,0.0,129.0,0.0,0.0,0.0,0.0
208,2018,Bus,3,0.0,0.0,0.0,214.0,114.0,115.0,0.0,162.0,0.0,0.0,170.0
209,2018,Bus,4,0.0,169.0,98.0,0.0,232.0,0.0,349.0,145.0,187.0,160.0,161.0
210,2018,Bus,5,0.0,1298.0,159.0,160.0,789.0,495.0,826.0,621.0,351.0,1514.0,186.0
211,2018,Bus,6,0.0,2085.0,1229.0,1833.0,4232.0,3474.0,1910.0,2315.0,3863.0,3501.0,2002.0
212,2018,Bus,7,0.0,5507.0,4344.0,6252.0,4426.0,4088.0,4777.0,6421.0,9103.0,6110.0,4027.0
213,2018,Bus,8,0.0,8372.0,5928.0,9706.0,8140.0,7945.0,10029.0,7705.0,8389.0,8960.0,8879.0
214,2018,Bus,9,0.0,6810.0,3555.0,5621.0,5293.0,5569.0,4524.0,5429.0,7167.0,6191.0,4886.0
215,2018,Bus,10,0.0,2966.0,679.0,2610.0,2533.0,1095.0,1465.0,1132.0,1153.0,593.0,1135.0
216,2018,Bus,11,0.0,1419.0,316.0,357.0,1027.0,253.0,396.0,562.0,637.0,586.0,326.0
217,2018,Bus,12,0.0,944.0,111.0,322.0,746.0,161.0,39.0,664.0,360.0,97.0,0.0
218,2018,Bus,13,0.0,713.0,0.0,198.0,179.0,439.0,0.0,81.0,55.0,0.0,81.0
219,2018,Bus,14,0.0,394.0,0.0,0.0,474.0,422.0,496.0,308.0,0.0,0.0,0.0
220,2018,Bus,15,0.0,655.0,294.0,678.0,1300.0,405.0,850.0,143.0,0.0,103.0,0.0
221,2018,Bus,16,0.0,633.0,84.0,1421.0,665.0,261.0,289.0,358.0,219.0,143.0,0.0
222,2018,Bus,17,0.0,355.0,0.0,160.0,148.0,90.0,230.0,466.0,182.0,0.0,0.0
223,2018,Bus,18,0.0,231.0,461.0,129.0,120.0,0.0,587.0,0.0,184.0,487.0,0.0
224,2018,Bus,19,0.0,315.0,79.0,252.0,0.0,0.0,86.0,69.0,67.0,0.0,101.0
225,2018,Bus,20,0.0,384.0,72.0,198.0,61.0,120.0,207.0,352.0,0.0,0.0,0.0
226,2018,Bus,21,0.0,156.0,0.0,152.0,254.0,85.0,73.0,210.0,0.0,49.0,41.0
227,2018,Bus,22,0.0,114.0,0.0,0.0,154.0,155.0,269.0,172.0,0.0,0.0,26.0
228,2018,Bus,23,0.0,128.0,0.0,283.0,99.0,148.0,0.0,0.0,133.0,0.0,110.0
229,2018,CommuterRail,0,0.0,0.0,0.0,0.0,0.0,0.0,178.0,0.0,0.0,56.0,0.0
230,2018,CommuterRail,1,0.0,87.0,0.0,317.0,0.0,61.0,79.0,69.0,0.0,0.0,64.0
231,2018,CommuterRail,2,0.0,55.0,0.0,0.0,0.0,0.0,82.0,0.0,116.0,121.0,0.0
232,2018,CommuterRail,3,0.0,0.0,0.0,0.0,87.0,73.0,0.0,0.0,0.0,0.0,0.0
233,2018,CommuterRail,4,0.0,75.0,0.0,0.0,0.0,126.0,0.0,84.0,53.0,0.0,0.0
234,2018,CommuterRail,5,0.0,129.0,327.0,385.0,146.0,509.0,959.0,828.0,297.0,395.0,468.0
235,2018,CommuterRail,6,0.0,1124.0,4292.0,1810.0,828.0,1933.0,1858.0,1749.0,2416.0,2606.0,2067.0
236,2018,CommuterRail,7,0.0,3220.0,14059.0,3297.0,3978.0,2741.0,4478.0,6409.0,7391.0,8722.0,9585.0
237,2018,CommuterRail,8,0.0,7279.0,24643.0,4431.0,9363.0,9416.0,11672.0,13760.0,17749.0,17168.0,19742.0
238,2018,CommuterRail,9,0.0,2548.0,11676.0,3039.0,4469.0,5032.0,4979.0,5472.0,9550.0,12060.0,12309.0
239,2018,CommuterRail,10,0.0,1871.0,2497.0,468.0,1840.0,816.0,1694.0,868.0,1759.0,2481.0,1617.0
240,2018,CommuterRail,11,0.0,277.0,166.0,0.0,453.0,685.0,332.0,969.0,253.0,460.0,166.0
241,2018,CommuterRail,12,0.0,0.0,0.0,299.0,451.0,424.0,0.0,69.0,38.0,282.0,294.0
242,2018,CommuterRail,13,0.0,69.0,0.0,0.0,89.0,146.0,371.0,75.0,74.0,0.0,0.0
243,2018,CommuterRail,14,0.0,167.0,74.0,120.0,49.0,330.0,615.0,227.0,269.0,0.0,0.0
244,2018,CommuterRail,15,0.0,77.0,0.0,121.0,101.0,0.0,82.0,137.0,73.0,125.0,0.0
245,2018,CommuterRail,16,0.0,378.0,0.0,252.0,131.0,410.0,96.0,0.0,430.0,81.0,63.0
246,2018,CommuterRail,17,0.0,343.0,0.0,0.0,0.0,83.0,249.0,0.0,107.0,124.0,121.0
247,2018,CommuterRail,18,0.0,47.0,73.0,0.0,112.0,424.0,24.0,90.0,102.0,81.0,142.0
248,2018,CommuterRail,19,0.0,132.0,0.0,115.0,0.0,129.0,0.0,0.0,174.0,132.0,84.0
249,2018,CommuterRail,20,0.0,116.0,428.0,158.0,0.0,0.0,273.0,38.0,0.0,58.0,98.0
250,2018,CommuterRail,21,0.0,0.0,93.0,102.0,0.0,35.0,107.0,0.0,71.0,73.0,31.0
251,2018,CommuterRail,22,0.0,0.0,0.0,171.0,281.0,118.0,204.0,0.0,0.0,0.0,61.0
252,2018,CommuterRail,23,0.0,0.0,0.0,357.0,0.0,0.0,142.0,0.0,0.0,69.0,0.0
253,2018,Ferry,4,0.0,0.0,0.0,0.0,0.0,0.0,0.0,0.0,161.0,0.0,0.0
254,2018,Ferry,5,0.0,0.0,68.0,0.0,0.0,0.0,0.0,0.0,0.0,0.0,86.0
255,2018,Ferry,6,0.0,0.0,298.0,226.0,74.0,341.0,0.0,146.0,0.0,144.0,831.0
256,2018,Ferry,7,0.0,211.0,1655.0,610.0,234.0,0.0,565.0,789.0,578.0,274.0,574.0
257,2018,Ferry,8,0.0,11.0,1455.0,528.0,566.0,69.0,799.0,1302.0,935.0,769.0,1798.0
258,2018,Ferry,9,0.0,72.0,1493.0,0.0,53.0,373.0,520.0,128.0,884.0,845.0,1282.0
259,2018,Ferry,10,0.0,125.0,0.0,67.0,0.0,162.0,73.0,0.0,163.0,0.0,68.0
260,2018,Ferry,11,0.0,108.0,0.0,0.0,0.0,52.0,0.0,80.0,0.0,0.0,246.0
261,2018,Ferry,14,0.0,0.0,0.0,0.0,39.0,0.0,0.0,0.0,0.0,0.0,53.0
262,2018,Ferry,15,0.0,0.0,0.0,0.0,0.0,0.0,0.0,75.0,0.0,0.0,0.0
263,2018,Ferry,18,0.0,0.0,0.0,0.0,0.0,0.0,0.0,0.0,0.0,134.0,0.0
264,2018,Ferry,20,0.0,0.0,0.0,0.0,0.0,0.0,0.0,0.0,0.0,99.0,0.0
265,2018,Ferry,22,0.0,0.0,0.0,0.0,0.0,0.0,0.0,0.0,0.0,0.0,210.0
266,2018,Other,0,0.0,0.0,0.0,0.0,0.0,0.0,0.0,0.0,71.0,0.0,0.0
267,2018,Other,2,0.0,0.0,0.0,0.0,0.0,0.0,0.0,0.0,0.0,63.0,0.0
268,2018,Other,5,0.0,191.0,0.0,141.0,0.0,32.0,0.0,70.0,85.0,0.0,0.0
269,2018,Other,6,0.0,0.0,54.0,0.0,0.0,98.0,221.0,0.0,495.0,210.0,249.0
270,2018,Other,7,0.0,121.0,168.0,281.0,0.0,0.0,0.0,292.0,251.0,490.0,284.0
271,2018,Other,8,0.0,526.0,622.0,152.0,262.0,387.0,167.0,413.0,84.0,810.0,0.0
272,2018,Other,9,0.0,937.0,0.0,293.0,86.0,202.0,335.0,235.0,73.0,329.0,117.0
273,2018,Other,10,0.0,0.0,0.0,29.0,460.0,0.0,112.0,0.0,148.0,0.0,45.0
274,2018,Other,11,0.0,0.0,0.0,0.0,0.0,0.0,0.0,0.0,703.0,55.0,0.0
275,2018,Other,12,0.0,0.0,0.0,0.0,0.0,168.0,0.0,0.0,0.0,0.0,0.0
276,2018,Other,13,0.0,210.0,0.0,0.0,0.0,0.0,0.0,122.0,0.0,0.0,0.0
277,2018,Other,15,0.0,0.0,0.0,357.0,235.0,0.0,0.0,38.0,0.0,0.0,0.0
278,2018,Other,17,0.0,0.0,0.0,0.0,218.0,0.0,0.0,0.0,227.0,0.0,0.0
279,2018,Other,19,0.0,0.0,0.0,137.0,0.0,0.0,0.0,0.0,0.0,0.0,0.0
280,2018,Other,22,0.0,0.0,0.0,0.0,155.0,0.0,0.0,0.0,0.0,0.0,0.0
281,2018,Subway,0,0.0,1207.0,0.0,277.0,323.0,451.0,147.0,121.0,294.0,51.0,0.0
282,2018,Subway,1,0.0,649.0,0.0,883.0,190.0,523.0,104.0,445.0,151.0,434.0,46.0
283,2018,Subway,2,0.0,347.0,71.0,276.0,901.0,68.0,497.0,327.0,69.0,68.0,60.0
284,2018,Subway,3,0.0,230.0,0.0,1745.0,732.0,718.0,294.0,471.0,128.0,0.0,0.0
285,2018,Subway,4,0.0,1024.0,100.0,966.0,1035.0,645.0,124.0,246.0,1053.0,154.0,143.0
286,2018,Subway,5,0.0,2583.0,542.0,5444.0,6971.0,3466.0,1815.0,2943.0,1612.0,759.0,582.0
287,2018,Subway,6,0.0,12186.0,3321.0,13326.0,15263.0,6938.0,7242.0,8040.0,6312.0,3582.0,2373.0
288,2018,Subway,7,0.0,18151.0,10671.0,27318.0,26895.0,22699.0,20870.0,20673.0,14382.0,13248.0,8768.0
289,2018,Subway,8,0.0,45263.0,35856.0,42090.0,52451.0,47296.0,48521.0,46346.0,44269.0,41692.0,37743.0
290,2018,Subway,9,0.0,32151.0,20140.0,29713.0,37053.0,32473.0,36635.0,42504.0,39700.0,32903.0,30895.0
291,2018,Subway,10,0.0,12865.0,4992.0,12127.0,12253.0,9961.0,11459.0,10839.0,9010.0,7096.0,5934.0
292,2018,Subway,11,0.0,6198.0,651.0,6189.0,5741.0,4240.0,3903.0,2502.0,1739.0,877.0,1142.0
293,2018,Subway,12,0.0,2883.0,115.0,2794.0,3393.0,1825.0,974.0,1297.0,562.0,520.0,707.0
294,2018,Subway,13,0.0,4088.0,68.0,670.0,2397.0,1101.0,290.0,614.0,519.0,155.0,583.0
295,2018,Subway,14,0.0,4172.0,440.0,3864.0,4679.0,2121.0,1588.0,1102.0,820.0,359.0,189.0
296,2018,Subway,15,0.0,4983.0,345.0,5270.0,4368.0,3820.0,2839.0,858.0,759.0,109.0,0.0
297,2018,Subway,16,0.0,4434.0,92.0,5223.0,4190.0,2124.0,2503.0,1263.0,740.0,467.0,474.0
298,2018,Subway,17,0.0,2133.0,267.0,3599.0,2355.0,713.0,1154.0,304.0,758.0,181.0,297.0
299,2018,Subway,18,0.0,1212.0,231.0,2692.0,2719.0,1029.0,1153.0,913.0,709.0,1346.0,698.0
300,2018,Subway,19,0.0,1803.0,635.0,1271.0,2222.0,932.0,774.0,1749.0,782.0,1160.0,747.0
301,2018,Subway,20,0.0,578.0,520.0,677.0,442.0,922.0,457.0,42.0,197.0,290.0,396.0
302,2018,Subway,21,0.0,422.0,174.0,1261.0,988.0,194.0,148.0,554.0,291.0,0.0,95.0
303,2018,Subway,22,0.0,2018.0,0.0,700.0,1213.0,968.0,720.0,202.0,99.0,220.0,122.0
304,2018,Subway,23,0.0,943.0,107.0,1296.0,843.0,604.0,1074.0,314.0,169.0,0.0,48.0
305,2018,WFH,0,0.0,10006.0,7976.0,7502.0,5008.0,5547.0,5371.0,5475.0,5876.0,6790.0,6756.0
306,2018,Walk,0,0.0,0.0,0.0,0.0,0.0,0.0,0.0,0.0,0.0,131.0,0.0
307,2018,Walk,1,0.0,0.0,0.0,65.0,0.0,0.0,0.0,0.0,0.0,0.0,0.0
308,2018,Walk,4,0.0,0.0,0.0,170.0,0.0,0.0,0.0,0.0,0.0,0.0,0.0
309,2018,Walk,5,0.0,882.0,93.0,614.0,208.0,0.0,318.0,187.0,0.0,0.0,166.0
310,2018,Walk,6,0.0,1049.0,485.0,1509.0,551.0,368.0,205.0,760.0,668.0,831.0,732.0
311,2018,Walk,7,0.0,1774.0,3398.0,2138.0,2084.0,1250.0,1850.0,3474.0,3252.0,1621.0,2182.0
312,2018,Walk,8,0.0,5379.0,9198.0,5841.0,4382.0,4276.0,3034.0,5139.0,6121.0,5971.0,9590.0
313,2018,Walk,9,0.0,5140.0,8209.0,3627.0,4674.0,3104.0,3870.0,5525.0,3433.0,6919.0,7817.0
314,2018,Walk,10,0.0,1195.0,1243.0,1114.0,1075.0,1699.0,264.0,1573.0,1603.0,2112.0,808.0
315,2018,Walk,11,0.0,473.0,1016.0,114.0,709.0,139.0,0.0,0.0,0.0,239.0,591.0
316,2018,Walk,12,0.0,585.0,112.0,200.0,545.0,0.0,341.0,341.0,96.0,0.0,0.0
317,2018,Walk,13,0.0,178.0,0.0,362.0,276.0,0.0,82.0,0.0,0.0,0.0,0.0
318,2018,Walk,14,0.0,1536.0,0.0,1003.0,0.0,0.0,0.0,136.0,0.0,0.0,125.0
319,2018,Walk,15,0.0,756.0,0.0,487.0,0.0,0.0,0.0,0.0,0.0,341.0,0.0
320,2018,Walk,16,0.0,493.0,0.0,156.0,67.0,110.0,0.0,250.0,168.0,501.0,155.0
321,2018,Walk,17,0.0,1935.0,69.0,0.0,147.0,104.0,395.0,0.0,0.0,198.0,402.0
322,2018,Walk,18,0.0,1278.0,328.0,0.0,123.0,0.0,0.0,0.0,0.0,81.0,768.0
323,2018,Walk,19,0.0,221.0,147.0,256.0,59.0,0.0,75.0,0.0,204.0,0.0,71.0
324,2018,Walk,20,0.0,467.0,0.0,0.0,0.0,29.0,0.0,61.0,0.0,0.0,0.0
325,2018,Walk,21,0.0,63.0,0.0,0.0,0.0,0.0,0.0,49.0,0.0,0.0,0.0
326,2018,Walk,22,0.0,0.0,161.0,64.0,0.0,0.0,0.0,0.0,0.0,0.0,0.0
327,2019,AutoOccupants,0,0.0,591.0,317.0,306.0,411.0,143.0,0.0,62.0,178.0,0.0,518.0
328,2019,AutoOccupants,1,0.0,0.0,0.0,0.0,91.0,0.0,453.0,0.0,326.0,145.0,0.0
329,2019,AutoOccupants,2,0.0,0.0,0.0,237.0,68.0,0.0,56.0,226.0,94.0,0.0,59.0
330,2019,AutoOccupants,3,0.0,90.0,580.0,34.0,0.0,54.0,347.0,268.0,317.0,195.0,136.0
331,2019,AutoOccupants,4,0.0,742.0,131.0,502.0,291.0,687.0,421.0,195.0,441.0,883.0,267.0
332,2019,AutoOccupants,5,0.0,964.0,1108.0,1381.0,2752.0,1001.0,1159.0,1941.0,2004.0,2198.0,1225.0
333,2019,AutoOccupants,6,0.0,1938.0,4825.0,4576.0,5036.0,4705.0,3384.0,4687.0,4315.0,5497.0,3378.0
334,2019,AutoOccupants,7,0.0,3881.0,5752.0,5464.0,7062.0,5532.0,5787.0,7074.0,7335.0,7023.0,6996.0
335,2019,AutoOccupants,8,0.0,4694.0,9268.0,6466.0,7820.0,5624.0,6998.0,8665.0,8946.0,5750.0,7133.0
336,2019,AutoOccupants,9,0.0,2437.0,10336.0,2981.0,4704.0,4554.0,3877.0,4885.0,4176.0,5761.0,6445.0
337,2019,AutoOccupants,10,0.0,816.0,2661.0,2097.0,3112.0,1397.0,1651.0,1264.0,2159.0,2092.0,2741.0
338,2019,AutoOccupants,11,0.0,834.0,554.0,440.0,1531.0,695.0,635.0,337.0,510.0,1399.0,749.0
339,2019,AutoOccupants,12,99.0,394.0,383.0,882.0,551.0,312.0,430.0,253.0,52.0,902.0,152.0
340,2019,AutoOccupants,13,0.0,898.0,0.0,121.0,0.0,524.0,496.0,1330.0,0.0,482.0,137.0
341,2019,AutoOccupants,14,0.0,546.0,457.0,998.0,687.0,895.0,1489.0,1007.0,958.0,407.0,506.0
342,2019,AutoOccupants,15,0.0,290.0,0.0,968.0,909.0,1243.0,750.0,977.0,877.0,705.0,44.0
343,2019,AutoOccupants,16,60.0,558.0,198.0,317.0,724.0,209.0,269.0,368.0,83.0,0.0,304.0
344,2019,AutoOccupants,17,0.0,766.0,0.0,832.0,47.0,363.0,172.0,805.0,0.0,610.0,0.0
345,2019,AutoOccupants,18,0.0,684.0,0.0,1095.0,442.0,357.0,314.0,384.0,769.0,400.0,127.0
346,2019,AutoOccupants,19,0.0,819.0,333.0,432.0,207.0,179.0,219.0,194.0,433.0,82.0,139.0
347,2019,AutoOccupants,20,0.0,142.0,0.0,594.0,0.0,299.0,381.0,34.0,360.0,68.0,0.0
348,2019,AutoOccupants,21,0.0,76.0,156.0,163.0,154.0,444.0,337.0,150.0,457.0,123.0,203.0
349,2019,AutoOccupants,22,0.0,0.0,155.0,195.0,185.0,433.0,782.0,369.0,656.0,107.0,95.0
350,2019,AutoOccupants,23,0.0,414.0,0.0,317.0,581.0,332.0,683.0,895.0,294.0,172.0,0.0
351,2019,Bicycle,5,0.0,0.0,0.0,0.0,0.0,78.0,0.0,88.0,0.0,0.0,0.0
352,2019,Bicycle,6,0.0,0.0,23.0,114.0,0.0,0.0,98.0,0.0,164.0,156.0,35.0
353,2019,Bicycle,7,0.0,0.0,2760.0,288.0,180.0,0.0,374.0,587.0,862.0,828.0,1167.0
354,2019,Bicycle,8,0.0,339.0,1319.0,133.0,889.0,1218.0,623.0,1103.0,1486.0,1440.0,1409.0
355,2019,Bicycle,9,0.0,281.0,905.0,329.0,390.0,242.0,440.0,1085.0,617.0,641.0,1230.0
356,2019,Bicycle,10,0.0,91.0,235.0,187.0,710.0,55.0,239.0,504.0,132.0,417.0,251.0
357,2019,Bicycle,11,0.0,180.0,0.0,59.0,671.0,110.0,0.0,0.0,0.0,0.0,0.0
358,2019,Bicycle,14,0.0,0.0,0.0,0.0,310.0,0.0,0.0,0.0,0.0,0.0,0.0
359,2019,Bicycle,15,0.0,80.0,0.0,0.0,55.0,102.0,0.0,0.0,0.0,71.0,0.0
360,2019,Bicycle,16,0.0,0.0,0.0,0.0,0.0,117.0,0.0,0.0,0.0,0.0,0.0
361,2019,Bicycle,17,0.0,0.0,0.0,0.0,0.0,0.0,0.0,36.0,0.0,0.0,0.0
362,2019,Bicycle,18,0.0,0.0,0.0,0.0,0.0,0.0,0.0,93.0,0.0,58.0,0.0
363,2019,Bicycle,19,0.0,94.0,0.0,0.0,0.0,43.0,0.0,0.0,0.0,0.0,0.0
364,2019,Bus,0,0.0,0.0,0.0,73.0,0.0,0.0,0.0,0.0,0.0,0.0,0.0
365,2019,Bus,1,0.0,142.0,0.0,671.0,159.0,318.0,174.0,518.0,0.0,0.0,111.0
366,2019,Bus,2,0.0,48.0,143.0,308.0,217.0,0.0,168.0,43.0,91.0,0.0,0.0
367,2019,Bus,3,0.0,0.0,45.0,0.0,112.0,351.0,145.0,520.0,655.0,154.0,43.0
368,2019,Bus,4,0.0,426.0,0.0,0.0,0.0,107.0,247.0,56.0,54.0,0.0,21.0
369,2019,Bus,5,0.0,1351.0,131.0,152.0,1620.0,758.0,1607.0,1199.0,70.0,657.0,302.0
370,2019,Bus,6,0.0,3011.0,1011.0,3943.0,2712.0,3118.0,2278.0,2371.0,1571.0,2367.0,2419.0
371,2019,Bus,7,0.0,6452.0,6378.0,4425.0,6634.0,4146.0,6835.0,5762.0,7629.0,9113.0,5697.0
372,2019,Bus,8,0.0,9499.0,7529.0,9100.0,8550.0,7332.0,11042.0,6903.0,11164.0,11655.0,10394.0
373,2019,Bus,9,0.0,4566.0,4139.0,6840.0,5771.0,5418.0,5028.0,5370.0,5970.0,4708.0,9189.0
374,2019,Bus,10,0.0,3309.0,745.0,1978.0,2658.0,934.0,739.0,1436.0,1385.0,1184.0,1221.0
375,2019,Bus,11,0.0,612.0,0.0,408.0,198.0,438.0,1185.0,412.0,406.0,587.0,435.0
376,2019,Bus,12,0.0,1081.0,0.0,472.0,283.0,88.0,39.0,241.0,0.0,0.0,114.0
377,2019,Bus,13,0.0,355.0,0.0,1302.0,384.0,470.0,329.0,0.0,0.0,415.0,0.0
378,2019,Bus,14,0.0,259.0,0.0,1353.0,267.0,273.0,185.0,368.0,197.0,184.0,0.0
379,2019,Bus,15,0.0,1067.0,138.0,899.0,671.0,168.0,570.0,50.0,211.0,172.0,64.0
380,2019,Bus,16,0.0,242.0,0.0,958.0,554.0,129.0,195.0,269.0,205.0,77.0,297.0
381,2019,Bus,17,0.0,901.0,60.0,409.0,119.0,340.0,0.0,0.0,0.0,0.0,0.0
382,2019,Bus,18,0.0,533.0,0.0,154.0,217.0,122.0,40.0,137.0,0.0,0.0,0.0
383,2019,Bus,19,0.0,383.0,0.0,0.0,89.0,177.0,57.0,319.0,0.0,111.0,0.0
384,2019,Bus,20,0.0,157.0,0.0,0.0,0.0,164.0,480.0,0.0,252.0,0.0,0.0
385,2019,Bus,21,0.0,172.0,0.0,0.0,438.0,0.0,0.0,0.0,0.0,963.0,0.0
386,2019,Bus,22,0.0,296.0,0.0,0.0,55.0,47.0,202.0,118.0,0.0,273.0,0.0
387,2019,Bus,23,0.0,0.0,0.0,0.0,516.0,66.0,165.0,0.0,471.0,0.0,0.0
388,2019,CommuterRail,0,0.0,0.0,0.0,0.0,0.0,0.0,0.0,0.0,0.0,102.0,0.0
389,2019,CommuterRail,1,0.0,111.0,0.0,90.0,86.0,81.0,429.0,0.0,0.0,291.0,0.0
390,2019,CommuterRail,2,0.0,0.0,110.0,0.0,201.0,160.0,277.0,0.0,38.0,53.0,610.0
391,2019,CommuterRail,3,0.0,0.0,0.0,122.0,0.0,140.0,0.0,0.0,35.0,173.0,0.0
392,2019,CommuterRail,4,0.0,0.0,59.0,169.0,256.0,0.0,0.0,0.0,0.0,130.0,64.0
393,2019,CommuterRail,5,0.0,26.0,133.0,375.0,137.0,462.0,0.0,384.0,198.0,1092.0,66.0
394,2019,CommuterRail,6,0.0,2165.0,3475.0,1906.0,1239.0,805.0,948.0,3332.0,2052.0,2763.0,1911.0
395,2019,CommuterRail,7,0.0,1501.0,15509.0,2323.0,2416.0,2965.0,4644.0,5808.0,7354.0,7442.0,9270.0
396,2019,CommuterRail,8,0.0,7785.0,27562.0,6942.0,8085.0,6569.0,9300.0,11261.0,14542.0,18558.0,23121.0
397,2019,CommuterRail,9,0.0,5556.0,15463.0,2675.0,4844.0,4152.0,5980.0,6974.0,9442.0,9842.0,14724.0
398,2019,CommuterRail,10,0.0,514.0,3203.0,2012.0,1941.0,826.0,657.0,939.0,2575.0,2026.0,2148.0
399,2019,CommuterRail,11,0.0,494.0,454.0,0.0,143.0,552.0,239.0,544.0,434.0,437.0,563.0
400,2019,CommuterRail,12,0.0,87.0,199.0,60.0,911.0,0.0,303.0,269.0,97.0,142.0,230.0
401,2019,CommuterRail,13,0.0,211.0,0.0,149.0,0.0,90.0,85.0,210.0,54.0,177.0,303.0
402,2019,CommuterRail,14,0.0,292.0,0.0,322.0,587.0,0.0,0.0,0.0,98.0,285.0,184.0
403,2019,CommuterRail,15,0.0,94.0,0.0,321.0,513.0,52.0,148.0,0.0,51.0,0.0,0.0
404,2019,CommuterRail,16,0.0,251.0,62.0,0.0,405.0,416.0,267.0,65.0,0.0,73.0,107.0
405,2019,CommuterRail,17,0.0,132.0,0.0,0.0,63.0,0.0,43.0,132.0,93.0,0.0,184.0
406,2019,CommuterRail,18,0.0,0.0,0.0,0.0,0.0,0.0,0.0,0.0,177.0,648.0,0.0
407,2019,CommuterRail,19,0.0,0.0,0.0,0.0,0.0,0.0,0.0,0.0,101.0,0.0,64.0
408,2019,CommuterRail,20,0.0,14.0,0.0,0.0,0.0,0.0,0.0,0.0,0.0,79.0,0.0
409,2019,CommuterRail,21,0.0,0.0,0.0,0.0,60.0,0.0,0.0,255.0,0.0,64.0,0.0
410,2019,CommuterRail,22,0.0,35.0,22.0,0.0,125.0,0.0,318.0,560.0,0.0,64.0,21.0
411,2019,CommuterRail,23,0.0,0.0,86.0,100.0,526.0,256.0,66.0,0.0,0.0,0.0,0.0
412,2019,Ferry,5,0.0,0.0,135.0,0.0,0.0,0.0,0.0,0.0,0.0,0.0,0.0
413,2019,Ferry,6,0.0,0.0,604.0,0.0,0.0,54.0,198.0,294.0,687.0,187.0,228.0
414,2019,Ferry,7,0.0,575.0,1981.0,435.0,386.0,1947.0,217.0,1048.0,377.0,341.0,955.0
415,2019,Ferry,8,0.0,426.0,1387.0,463.0,613.0,362.0,436.0,961.0,504.0,935.0,1569.0
416,2019,Ferry,9,0.0,321.0,1247.0,219.0,78.0,266.0,638.0,1246.0,1272.0,1216.0,1288.0
417,2019,Ferry,10,0.0,0.0,225.0,50.0,45.0,0.0,0.0,364.0,149.0,49.0,0.0
418,2019,Ferry,11,0.0,126.0,0.0,0.0,0.0,0.0,0.0,0.0,0.0,92.0,0.0
419,2019,Ferry,15,0.0,0.0,0.0,0.0,0.0,0.0,0.0,0.0,0.0,105.0,0.0
420,2019,Ferry,19,0.0,0.0,0.0,0.0,0.0,96.0,0.0,0.0,128.0,0.0,0.0
421,2019,Ferry,22,0.0,0.0,0.0,0.0,86.0,0.0,0.0,0.0,0.0,0.0,0.0
422,2019,Other,1,0.0,0.0,0.0,133.0,0.0,0.0,0.0,0.0,0.0,0.0,0.0
423,2019,Other,5,0.0,0.0,0.0,54.0,0.0,0.0,0.0,0.0,0.0,0.0,0.0
424,2019,Other,6,0.0,62.0,13.0,60.0,110.0,0.0,0.0,71.0,79.0,368.0,0.0
425,2019,Other,7,0.0,0.0,456.0,62.0,0.0,0.0,90.0,361.0,0.0,143.0,139.0
426,2019,Other,8,0.0,311.0,706.0,90.0,584.0,211.0,621.0,487.0,234.0,366.0,234.0
427,2019,Other,9,0.0,0.0,361.0,0.0,632.0,388.0,280.0,71.0,0.0,544.0,900.0
428,2019,Other,10,0.0,0.0,0.0,0.0,0.0,0.0,16.0,0.0,75.0,119.0,0.0
429,2019,Other,11,0.0,115.0,44.0,97.0,0.0,85.0,70.0,0.0,0.0,0.0,0.0
430,2019,Other,12,0.0,0.0,0.0,0.0,0.0,0.0,0.0,0.0,204.0,0.0,232.0
431,2019,Other,13,0.0,0.0,0.0,0.0,0.0,0.0,62.0,0.0,0.0,0.0,0.0
432,2019,Other,14,0.0,0.0,0.0,119.0,152.0,48.0,0.0,0.0,0.0,0.0,0.0
433,2019,Other,17,0.0,0.0,0.0,40.0,0.0,0.0,0.0,0.0,0.0,0.0,0.0
434,2019,Subway,0,0.0,65.0,173.0,856.0,960.0,442.0,30.0,331.0,199.0,192.0,73.0
435,2019,Subway,1,0.0,847.0,0.0,280.0,818.0,94.0,326.0,285.0,383.0,0.0,44.0
436,2019,Subway,2,0.0,606.0,0.0,462.0,2470.0,439.0,244.0,665.0,1537.0,180.0,222.0
437,2019,Subway,3,0.0,375.0,102.0,574.0,448.0,458.0,76.0,706.0,183.0,245.0,0.0
438,2019,Subway,4,0.0,1736.0,57.0,347.0,2218.0,721.0,612.0,795.0,207.0,180.0,252.0
439,2019,Subway,5,0.0,2380.0,419.0,3442.0,3334.0,3712.0,1654.0,2405.0,908.0,944.0,449.0
440,2019,Subway,6,0.0,9093.0,2921.0,10051.0,15155.0,8674.0,7973.0,5990.0,7639.0,4360.0,3375.0
441,2019,Subway,7,0.0,22012.0,10820.0,27911.0,34876.0,18863.0,19735.0,20407.0,18213.0,15545.0,12252.0
442,2019,Subway,8,0.0,34209.0,39603.0,38451.0,46920.0,39907.0,43925.0,46786.0,43208.0,44285.0,39249.0
443,2019,Subway,9,0.0,28589.0,30314.0,27579.0,37408.0,28946.0,43097.0,43129.0,41163.0,42113.0,34835.0
444,2019,Subway,10,0.0,15049.0,5897.0,12282.0,14373.0,11342.0,10717.0,10027.0,9403.0,10458.0,6859.0
445,2019,Subway,11,0.0,5927.0,1529.0,6350.0,5069.0,4085.0,4197.0,3248.0,1724.0,1827.0,1032.0
446,2019,Subway,12,0.0,4601.0,130.0,1870.0,5402.0,1466.0,768.0,1661.0,987.0,1198.0,837.0
447,2019,Subway,13,0.0,2383.0,362.0,2813.0,2391.0,714.0,1247.0,519.0,1121.0,287.0,0.0
448,2019,Subway,14,0.0,4597.0,255.0,4169.0,4054.0,1595.0,1578.0,1641.0,1420.0,1010.0,217.0
449,2019,Subway,15,0.0,4406.0,0.0,4278.0,3973.0,2574.0,2195.0,1252.0,512.0,84.0,56.0
450,2019,Subway,16,0.0,4960.0,235.0,3320.0,3092.0,1345.0,1047.0,579.0,552.0,132.0,158.0
451,2019,Subway,17,0.0,3494.0,308.0,2781.0,2448.0,1153.0,1637.0,871.0,491.0,649.0,631.0
452,2019,Subway,18,0.0,1183.0,525.0,1391.0,1500.0,801.0,193.0,1067.0,1049.0,564.0,85.0
453,2019,Subway,19,0.0,1255.0,0.0,893.0,427.0,554.0,267.0,0.0,326.0,273.0,118.0
454,2019,Subway,20,0.0,546.0,0.0,1502.0,785.0,645.0,104.0,160.0,193.0,126.0,58.0
455,2019,Subway,21,0.0,2300.0,0.0,826.0,968.0,211.0,0.0,218.0,50.0,34.0,340.0
456,2019,Subway,22,0.0,876.0,327.0,363.0,1365.0,1265.0,761.0,347.0,350.0,209.0,82.0
457,2019,Subway,23,0.0,1702.0,0.0,1090.0,131.0,866.0,361.0,557.0,682.0,222.0,44.0
458,2019,WFH,0,201.0,7322.0,6547.0,9952.0,7370.0,5073.0,4852.0,7884.0,6630.0,7972.0,6348.0
459,2019,Walk,0,0.0,0.0,0.0,129.0,103.0,0.0,62.0,0.0,0.0,0.0,0.0
460,2019,Walk,4,0.0,0.0,0.0,213.0,0.0,0.0,0.0,0.0,158.0,109.0,0.0
461,2019,Walk,5,0.0,695.0,90.0,0.0,627.0,219.0,0.0,647.0,126.0,273.0,0.0
462,2019,Walk,6,0.0,2445.0,1906.0,730.0,1183.0,462.0,1772.0,710.0,89.0,1044.0,366.0
463,2019,Walk,7,0.0,3211.0,7692.0,2481.0,1659.0,1740.0,1175.0,2624.0,1799.0,1429.0,4537.0
464,2019,Walk,8,0.0,6312.0,11198.0,5745.0,7108.0,7399.0,6025.0,6038.0,7080.0,7050.0,11005.0
465,2019,Walk,9,0.0,3171.0,6649.0,3128.0,4031.0,2560.0,4181.0,3895.0,4727.0,7570.0,6568.0
466,2019,Walk,10,0.0,3532.0,1573.0,1593.0,2096.0,1299.0,547.0,633.0,1295.0,1502.0,1633.0
467,2019,Walk,11,0.0,1576.0,508.0,406.0,396.0,167.0,296.0,389.0,174.0,421.0,514.0
468,2019,Walk,12,0.0,175.0,242.0,781.0,470.0,0.0,1782.0,83.0,371.0,37.0,170.0
469,2019,Walk,13,0.0,224.0,0.0,0.0,189.0,0.0,124.0,269.0,369.0,0.0,0.0
470,2019,Walk,14,0.0,2590.0,72.0,139.0,340.0,89.0,48.0,0.0,709.0,0.0,29.0
471,2019,Walk,15,0.0,1007.0,0.0,173.0,311.0,33.0,0.0,0.0,158.0,0.0,0.0
472,2019,Walk,16,0.0,2030.0,0.0,207.0,263.0,0.0,0.0,421.0,0.0,0.0,218.0
473,2019,Walk,17,0.0,520.0,0.0,64.0,502.0,278.0,0.0,0.0,210.0,99.0,207.0
474,2019,Walk,18,0.0,840.0,0.0,0.0,509.0,442.0,803.0,300.0,411.0,0.0,215.0
475,2019,Walk,19,0.0,950.0,267.0,285.0,0.0,0.0,580.0,0.0,335.0,0.0,278.0
476,2019,Walk,20,0.0,388.0,118.0,0.0,0.0,0.0,0.0,0.0,0.0,0.0,0.0
477,2019,Walk,21,0.0,0.0,0.0,0.0,0.0,0.0,0.0,0.0,424.0,0.0,0.0
478,2019,Walk,22,0.0,211.0,0.0,82.0,151.0,89.0,0.0,0.0,250.0,0.0,0.0
